time_s,sample,phase,event,x_mm,y_mm,z_mm,radius_xy_mm,rx_deg,ry_deg,rz_deg,j1_deg,j2_deg,j3_deg,j4_deg,j5_deg,j6_deg,arm_status,motion_status,ctrl_mode,enable
0.005120,0,idle,,62.882000,-2.275000,196.728000,62.923140,157.985000,76.686000,155.581000,-1.419000,0.380000,-2.573000,-1.277000,19.524000,6.366000,0,1,1,"False,False,False,False,False,False"
0.035311,1,idle,,62.882000,-2.275000,196.728000,62.923140,157.985000,76.686000,155.581000,-1.419000,0.380000,-2.573000,-1.277000,19.524000,6.366000,0,1,1,"False,False,False,False,False,False"
0.070018,2,idle,,62.882000,-2.275000,196.728000,62.923140,157.985000,76.686000,155.581000,-1.419000,0.380000,-2.573000,-1.277000,19.524000,6.366000,0,1,1,"False,False,False,False,False,False"
0.119999,3,idle,,62.882000,-2.275000,196.728000,62.923140,157.985000,76.686000,155.581000,-1.419000,0.380000,-2.573000,-1.277000,19.524000,6.366000,0,1,1,"False,False,False,False,False,False"
0.145620,4,idle,,62.882000,-2.275000,196.728000,62.923140,157.985000,76.686000,155.581000,-1.419000,0.380000,-2.573000,-1.277000,19.524000,6.366000,0,1,1,"False,False,False,False,False,False"
0.175451,5,idle,,62.882000,-2.275000,196.728000,62.923140,157.985000,76.686000,155.581000,-1.419000,0.380000,-2.573000,-1.277000,19.524000,6.366000,0,1,1,"False,False,False,False,False,False"
0.205249,6,idle,,62.882000,-2.275000,196.728000,62.923140,157.985000,76.686000,155.581000,-1.419000,0.380000,-2.573000,-1.277000,19.524000,6.366000,0,1,1,"False,False,False,False,False,False"
0.230650,7,idle,,62.882000,-2.275000,196.728000,62.923140,157.985000,76.686000,155.581000,-1.419000,0.380000,-2.573000,-1.277000,19.524000,6.366000,0,1,1,"False,False,False,False,False,False"
0.265494,8,idle,,62.882000,-2.275000,196.728000,62.923140,157.985000,76.686000,155.581000,-1.419000,0.380000,-2.573000,-1.277000,19.524000,6.366000,0,1,1,"False,False,False,False,False,False"
0.295679,9,idle,,62.882000,-2.275000,196.728000,62.923140,157.985000,76.686000,155.581000,-1.419000,0.380000,-2.573000,-1.277000,19.524000,6.366000,0,1,1,"False,False,False,False,False,False"
0.330120,10,idle,,62.882000,-2.275000,196.728000,62.923140,157.985000,76.686000,155.581000,-1.419000,0.380000,-2.573000,-1.277000,19.524000,6.366000,0,1,1,"False,False,False,False,False,False"
0.360162,11,idle,,62.882000,-2.275000,196.728000,62.923140,157.985000,76.686000,155.581000,-1.419000,0.380000,-2.573000,-1.277000,19.524000,6.366000,0,1,1,"False,False,False,False,False,False"
0.385607,12,idle,,62.882000,-2.275000,196.728000,62.923140,157.985000,76.686000,155.581000,-1.419000,0.380000,-2.573000,-1.277000,19.524000,6.366000,0,1,1,"False,False,False,False,False,False"
0.415501,13,idle,,62.882000,-2.275000,196.728000,62.923140,157.985000,76.686000,155.581000,-1.419000,0.380000,-2.573000,-1.277000,19.524000,6.366000,0,1,1,"False,False,False,False,False,False"
0.445250,14,idle,,62.882000,-2.275000,196.728000,62.923140,157.985000,76.686000,155.581000,-1.419000,0.380000,-2.573000,-1.277000,19.524000,6.366000,0,1,1,"False,False,False,False,False,False"
0.475038,15,idle,,62.882000,-2.275000,196.728000,62.923140,157.985000,76.686000,155.581000,-1.419000,0.380000,-2.573000,-1.277000,19.524000,6.366000,0,1,1,"False,False,False,False,False,False"
0.500443,16,idle,,62.882000,-2.275000,196.728000,62.923140,157.985000,76.686000,155.581000,-1.419000,0.380000,-2.573000,-1.277000,19.524000,6.366000,0,1,1,"False,False,False,False,False,False"
0.530480,17,idle,,62.882000,-2.275000,196.728000,62.923140,157.985000,76.686000,155.581000,-1.419000,0.380000,-2.573000,-1.277000,19.524000,6.366000,0,1,1,"False,False,False,False,False,False"
0.565158,18,idle,,62.882000,-2.275000,196.728000,62.923140,157.985000,76.686000,155.581000,-1.419000,0.380000,-2.573000,-1.277000,19.524000,6.366000,0,1,1,"False,False,False,False,False,False"
0.590619,19,idle,,62.882000,-2.275000,196.728000,62.923140,157.985000,76.686000,155.581000,-1.419000,0.380000,-2.573000,-1.277000,19.524000,6.366000,0,1,1,"False,False,False,False,False,False"
0.625091,20,idle,,62.882000,-2.275000,196.728000,62.923140,157.985000,76.686000,155.581000,-1.419000,0.380000,-2.573000,-1.277000,19.524000,6.366000,0,1,1,"False,False,False,False,False,False"
0.654853,21,idle,,62.882000,-2.275000,196.728000,62.923140,157.985000,76.686000,155.581000,-1.419000,0.380000,-2.573000,-1.277000,19.524000,6.366000,0,1,1,"False,False,False,False,False,False"
0.680381,22,idle,,62.882000,-2.275000,196.728000,62.923140,157.985000,76.686000,155.581000,-1.419000,0.380000,-2.573000,-1.277000,19.524000,6.366000,0,1,1,"False,False,False,False,False,False"
0.715148,23,idle,,62.882000,-2.275000,196.728000,62.923140,157.985000,76.686000,155.581000,-1.419000,0.380000,-2.573000,-1.277000,19.524000,6.366000,0,1,1,"False,False,False,False,False,False"
0.740613,24,idle,,62.882000,-2.275000,196.728000,62.923140,157.985000,76.686000,155.581000,-1.419000,0.380000,-2.573000,-1.277000,19.524000,6.366000,0,1,1,"False,False,False,False,False,False"
0.785472,25,idle,,62.882000,-2.275000,196.728000,62.923140,157.985000,76.686000,155.581000,-1.419000,0.380000,-2.573000,-1.277000,19.524000,6.366000,0,1,1,"False,False,False,False,False,False"
0.815606,26,idle,,62.882000,-2.275000,196.728000,62.923140,157.985000,76.686000,155.581000,-1.419000,0.380000,-2.573000,-1.277000,19.524000,6.366000,0,1,1,"False,False,False,False,False,False"
0.845404,27,idle,,62.882000,-2.275000,196.728000,62.923140,157.985000,76.686000,155.581000,-1.419000,0.380000,-2.573000,-1.277000,19.524000,6.366000,0,1,1,"False,False,False,False,False,False"
0.879820,28,idle,,62.882000,-2.275000,196.728000,62.923140,157.985000,76.686000,155.581000,-1.419000,0.380000,-2.573000,-1.277000,19.524000,6.366000,0,1,1,"False,False,False,False,False,False"
0.910389,29,idle,,62.882000,-2.275000,196.728000,62.923140,157.985000,76.686000,155.581000,-1.419000,0.380000,-2.573000,-1.277000,19.524000,6.366000,0,1,1,"False,False,False,False,False,False"
0.940434,30,idle,,62.882000,-2.275000,196.728000,62.923140,157.985000,76.686000,155.581000,-1.419000,0.380000,-2.573000,-1.277000,19.524000,6.366000,0,1,1,"False,False,False,False,False,False"
0.970546,31,idle,,62.882000,-2.275000,196.728000,62.923140,157.985000,76.686000,155.581000,-1.419000,0.380000,-2.573000,-1.277000,19.524000,6.366000,0,1,1,"False,False,False,False,False,False"
1.000399,32,idle,,62.882000,-2.275000,196.728000,62.923140,157.985000,76.686000,155.581000,-1.419000,0.380000,-2.573000,-1.277000,19.524000,6.366000,0,1,1,"False,False,False,False,False,False"
1.030544,33,idle,,62.882000,-2.275000,196.728000,62.923140,157.985000,76.686000,155.581000,-1.419000,0.380000,-2.573000,-1.277000,19.524000,6.366000,0,1,1,"False,False,False,False,False,False"
1.060068,34,idle,,62.882000,-2.275000,196.728000,62.923140,157.985000,76.686000,155.581000,-1.419000,0.380000,-2.573000,-1.277000,19.524000,6.366000,0,1,1,"False,False,False,False,False,False"
1.085472,35,idle,,62.882000,-2.275000,196.728000,62.923140,157.985000,76.686000,155.581000,-1.419000,0.380000,-2.573000,-1.277000,19.524000,6.366000,0,1,1,"False,False,False,False,False,False"
1.115571,36,idle,,62.882000,-2.275000,196.728000,62.923140,157.985000,76.686000,155.581000,-1.419000,0.380000,-2.573000,-1.277000,19.524000,6.366000,0,1,1,"False,False,False,False,False,False"
1.150499,37,idle,,62.882000,-2.275000,196.728000,62.923140,157.985000,76.686000,155.581000,-1.419000,0.380000,-2.573000,-1.277000,19.524000,6.366000,0,1,1,"False,False,False,False,False,False"
1.181252,38,idle,,62.882000,-2.275000,196.728000,62.923140,157.985000,76.686000,155.581000,-1.419000,0.380000,-2.573000,-1.277000,19.524000,6.366000,0,1,1,"False,False,False,False,False,False"
1.210050,39,idle,,62.882000,-2.275000,196.728000,62.923140,157.985000,76.686000,155.581000,-1.419000,0.380000,-2.573000,-1.277000,19.524000,6.366000,0,1,1,"False,False,False,False,False,False"
1.235498,40,idle,,62.882000,-2.275000,196.728000,62.923140,157.985000,76.686000,155.581000,-1.419000,0.380000,-2.573000,-1.277000,19.524000,6.366000,0,1,1,"False,False,False,False,False,False"
1.265165,41,idle,,62.882000,-2.275000,196.728000,62.923140,157.985000,76.686000,155.581000,-1.419000,0.380000,-2.573000,-1.277000,19.524000,6.366000,0,1,1,"False,False,False,False,False,False"
1.290668,42,idle,,62.882000,-2.275000,196.728000,62.923140,157.985000,76.686000,155.581000,-1.419000,0.380000,-2.573000,-1.277000,19.524000,6.366000,0,1,1,"False,False,False,False,False,False"
1.320512,43,idle,,62.882000,-2.275000,196.728000,62.923140,157.985000,76.686000,155.581000,-1.419000,0.380000,-2.573000,-1.277000,19.524000,6.366000,0,1,1,"False,False,False,False,False,False"
1.355111,44,idle,,62.882000,-2.275000,196.728000,62.923140,157.985000,76.686000,155.581000,-1.419000,0.380000,-2.573000,-1.277000,19.524000,6.366000,0,1,1,"False,False,False,False,False,False"
1.385293,45,idle,,62.882000,-2.275000,196.728000,62.923140,157.985000,76.686000,155.581000,-1.419000,0.380000,-2.573000,-1.277000,19.524000,6.366000,0,1,1,"False,False,False,False,False,False"
1.414817,46,idle,,62.882000,-2.275000,196.728000,62.923140,157.985000,76.686000,155.581000,-1.419000,0.380000,-2.573000,-1.277000,19.524000,6.366000,0,1,1,"False,False,False,False,False,False"
1.440251,47,idle,,62.882000,-2.275000,196.728000,62.923140,157.985000,76.686000,155.581000,-1.419000,0.380000,-2.573000,-1.277000,19.524000,6.366000,0,1,1,"False,False,False,False,False,False"
1.470140,48,idle,,62.882000,-2.275000,196.728000,62.923140,157.985000,76.686000,155.581000,-1.419000,0.380000,-2.573000,-1.277000,19.524000,6.366000,0,1,1,"False,False,False,False,False,False"
1.500014,49,idle,,62.882000,-2.275000,196.728000,62.923140,157.985000,76.686000,155.581000,-1.419000,0.380000,-2.573000,-1.277000,19.524000,6.366000,0,1,1,"False,False,False,False,False,False"
1.525474,50,idle,,62.882000,-2.275000,196.728000,62.923140,157.985000,76.686000,155.581000,-1.419000,0.380000,-2.573000,-1.277000,19.524000,6.366000,0,1,1,"False,False,False,False,False,False"
1.555567,51,idle,,62.882000,-2.275000,196.728000,62.923140,157.985000,76.686000,155.581000,-1.419000,0.380000,-2.573000,-1.277000,19.524000,6.366000,0,1,1,"False,False,False,False,False,False"
1.585561,52,idle,,62.882000,-2.275000,196.728000,62.923140,157.985000,76.686000,155.581000,-1.419000,0.380000,-2.573000,-1.277000,19.524000,6.366000,0,1,1,"False,False,False,False,False,False"
1.620673,53,idle,,62.882000,-2.275000,196.728000,62.923140,157.985000,76.686000,155.581000,-1.419000,0.380000,-2.573000,-1.277000,19.524000,6.366000,0,1,1,"False,False,False,False,False,False"
1.655001,54,idle,,62.882000,-2.275000,196.728000,62.923140,157.985000,76.686000,155.581000,-1.419000,0.380000,-2.573000,-1.277000,19.524000,6.366000,0,1,1,"False,False,False,False,False,False"
1.680455,55,idle,,62.882000,-2.275000,196.728000,62.923140,157.985000,76.686000,155.581000,-1.419000,0.380000,-2.573000,-1.277000,19.524000,6.366000,0,1,1,"False,False,False,False,False,False"
1.715268,56,idle,,62.882000,-2.275000,196.728000,62.923140,157.985000,76.686000,155.581000,-1.419000,0.380000,-2.573000,-1.277000,19.524000,6.366000,0,1,1,"False,False,False,False,False,False"
1.745081,57,idle,,62.882000,-2.275000,196.728000,62.923140,157.985000,76.686000,155.581000,-1.419000,0.380000,-2.573000,-1.277000,19.524000,6.366000,0,1,1,"False,False,False,False,False,False"
1.770578,58,idle,,62.882000,-2.275000,196.728000,62.923140,157.985000,76.686000,155.581000,-1.419000,0.380000,-2.573000,-1.277000,19.524000,6.366000,0,1,1,"False,False,False,False,False,False"
1.800520,59,idle,,62.882000,-2.275000,196.728000,62.923140,157.985000,76.686000,155.581000,-1.419000,0.380000,-2.573000,-1.277000,19.524000,6.366000,0,1,1,"False,False,False,False,False,False"
1.830652,60,idle,,62.882000,-2.275000,196.728000,62.923140,157.985000,76.686000,155.581000,-1.419000,0.380000,-2.573000,-1.277000,19.524000,6.366000,0,1,1,"False,False,False,False,False,False"
1.865082,61,idle,,62.882000,-2.275000,196.728000,62.923140,157.985000,76.686000,155.581000,-1.419000,0.380000,-2.573000,-1.277000,19.524000,6.366000,0,1,1,"False,False,False,False,False,False"
1.890495,62,idle,,62.882000,-2.275000,196.728000,62.923140,157.985000,76.686000,155.581000,-1.419000,0.380000,-2.573000,-1.277000,19.524000,6.366000,0,1,1,"False,False,False,False,False,False"
1.920564,63,idle,,62.882000,-2.275000,196.728000,62.923140,157.985000,76.686000,155.581000,-1.419000,0.380000,-2.573000,-1.277000,19.524000,6.366000,0,1,1,"False,False,False,False,False,False"
1.950422,64,idle,,62.882000,-2.275000,196.728000,62.923140,157.985000,76.686000,155.581000,-1.419000,0.380000,-2.573000,-1.277000,19.524000,6.366000,0,1,1,"False,False,False,False,False,False"
1.980404,65,idle,,62.882000,-2.275000,196.728000,62.923140,157.985000,76.686000,155.581000,-1.419000,0.380000,-2.573000,-1.277000,19.524000,6.366000,0,1,1,"False,False,False,False,False,False"
2.015145,66,idle,,62.882000,-2.275000,196.728000,62.923140,157.985000,76.686000,155.581000,-1.419000,0.380000,-2.573000,-1.277000,19.524000,6.366000,0,1,1,"False,False,False,False,False,False"
2.040546,67,idle,,62.882000,-2.275000,196.728000,62.923140,157.985000,76.686000,155.581000,-1.419000,0.380000,-2.573000,-1.277000,19.524000,6.366000,0,1,1,"False,False,False,False,False,False"
2.070381,68,idle,,62.882000,-2.275000,196.728000,62.923140,157.985000,76.686000,155.581000,-1.419000,0.380000,-2.573000,-1.277000,19.524000,6.366000,0,1,1,"False,False,False,False,False,False"
2.137520,69,idle,,62.882000,-2.275000,196.728000,62.923140,157.985000,76.686000,155.581000,-1.419000,0.380000,-2.573000,-1.277000,19.524000,6.366000,0,1,1,"False,False,False,False,False,False"
2.212456,70,idle,,62.882000,-2.275000,196.728000,62.923140,157.985000,76.686000,155.581000,-1.419000,0.380000,-2.573000,-1.277000,19.524000,6.366000,0,1,1,"False,False,False,False,False,False"
2.270274,71,idle,,62.882000,-2.275000,196.728000,62.923140,157.985000,76.686000,155.581000,-1.419000,0.380000,-2.573000,-1.277000,19.524000,6.366000,0,1,1,"False,False,False,False,False,False"
2.299902,72,idle,,62.882000,-2.275000,196.728000,62.923140,157.985000,76.686000,155.581000,-1.419000,0.380000,-2.573000,-1.277000,19.524000,6.366000,0,1,1,"False,False,False,False,False,False"
2.325507,73,idle,,62.882000,-2.275000,196.728000,62.923140,157.985000,76.686000,155.581000,-1.419000,0.380000,-2.573000,-1.277000,19.524000,6.366000,0,1,1,"False,False,False,False,False,False"
2.355425,74,idle,,62.882000,-2.275000,196.728000,62.923140,157.985000,76.686000,155.581000,-1.419000,0.380000,-2.573000,-1.277000,19.524000,6.366000,0,1,1,"False,False,False,False,False,False"
2.385432,75,idle,,62.882000,-2.275000,196.728000,62.923140,157.985000,76.686000,155.581000,-1.419000,0.380000,-2.573000,-1.277000,19.524000,6.366000,0,1,1,"False,False,False,False,False,False"
2.415106,76,idle,,62.882000,-2.275000,196.728000,62.923140,157.985000,76.686000,155.581000,-1.419000,0.380000,-2.573000,-1.277000,19.524000,6.366000,0,1,1,"False,False,False,False,False,False"
2.440598,77,idle,,62.882000,-2.275000,196.728000,62.923140,157.985000,76.686000,155.581000,-1.419000,0.380000,-2.573000,-1.277000,19.524000,6.366000,0,1,1,"False,False,False,False,False,False"
2.470606,78,idle,,62.882000,-2.275000,196.728000,62.923140,157.985000,76.686000,155.581000,-1.419000,0.380000,-2.573000,-1.277000,19.524000,6.366000,0,1,1,"False,False,False,False,False,False"
2.500608,79,idle,,62.882000,-2.275000,196.728000,62.923140,157.985000,76.686000,155.581000,-1.419000,0.380000,-2.573000,-1.277000,19.524000,6.366000,0,1,1,"False,False,False,False,False,False"
2.530722,80,idle,,62.882000,-2.275000,196.728000,62.923140,157.985000,76.686000,155.581000,-1.419000,0.380000,-2.573000,-1.277000,19.524000,6.366000,0,1,1,"False,False,False,False,False,False"
2.565404,81,idle,,62.882000,-2.275000,196.728000,62.923140,157.985000,76.686000,155.581000,-1.419000,0.380000,-2.573000,-1.277000,19.524000,6.366000,0,1,1,"False,False,False,False,False,False"
2.595194,82,idle,,62.882000,-2.275000,196.728000,62.923140,157.985000,76.686000,155.581000,-1.419000,0.380000,-2.573000,-1.277000,19.524000,6.366000,0,1,1,"False,False,False,False,False,False"
2.620643,83,idle,,62.882000,-2.275000,196.728000,62.923140,157.985000,76.686000,155.581000,-1.419000,0.380000,-2.573000,-1.277000,19.524000,6.366000,0,1,1,"False,False,False,False,False,False"
2.650570,84,idle,,62.882000,-2.275000,196.728000,62.923140,157.985000,76.686000,155.581000,-1.419000,0.380000,-2.573000,-1.277000,19.524000,6.366000,0,1,1,"False,False,False,False,False,False"
2.685116,85,idle,,62.882000,-2.275000,196.728000,62.923140,157.985000,76.686000,155.581000,-1.419000,0.380000,-2.573000,-1.277000,19.524000,6.366000,0,1,1,"False,False,False,False,False,False"
2.710593,86,idle,,62.882000,-2.275000,196.728000,62.923140,157.985000,76.686000,155.581000,-1.419000,0.380000,-2.573000,-1.277000,19.524000,6.366000,0,1,1,"False,False,False,False,False,False"
2.740461,87,idle,,62.882000,-2.275000,196.728000,62.923140,157.985000,76.686000,155.581000,-1.419000,0.380000,-2.573000,-1.277000,19.524000,6.366000,0,1,1,"False,False,False,False,False,False"
2.770442,88,idle,,62.882000,-2.275000,196.728000,62.923140,157.985000,76.686000,155.581000,-1.419000,0.380000,-2.573000,-1.277000,19.524000,6.366000,0,1,1,"False,False,False,False,False,False"
2.805210,89,idle,,62.882000,-2.275000,196.728000,62.923140,157.985000,76.686000,155.581000,-1.419000,0.380000,-2.573000,-1.277000,19.524000,6.366000,0,1,1,"False,False,False,False,False,False"
2.830643,90,idle,,62.882000,-2.275000,196.728000,62.923140,157.985000,76.686000,155.581000,-1.419000,0.380000,-2.573000,-1.277000,19.524000,6.366000,0,1,1,"False,False,False,False,False,False"
2.865323,91,idle,,62.882000,-2.275000,196.728000,62.923140,157.985000,76.686000,155.581000,-1.419000,0.380000,-2.573000,-1.277000,19.524000,6.366000,0,1,1,"False,False,False,False,False,False"
2.895519,92,idle,,62.882000,-2.275000,196.728000,62.923140,157.985000,76.686000,155.581000,-1.419000,0.380000,-2.573000,-1.277000,19.524000,6.366000,0,1,1,"False,False,False,False,False,False"
2.925535,93,idle,,62.882000,-2.275000,196.728000,62.923140,157.985000,76.686000,155.581000,-1.419000,0.380000,-2.573000,-1.277000,19.524000,6.366000,0,1,1,"False,False,False,False,False,False"
2.960286,94,idle,,62.882000,-2.275000,196.728000,62.923140,157.985000,76.686000,155.581000,-1.419000,0.380000,-2.573000,-1.277000,19.524000,6.366000,0,1,1,"False,False,False,False,False,False"
2.985671,95,idle,,62.882000,-2.275000,196.728000,62.923140,157.985000,76.686000,155.581000,-1.419000,0.380000,-2.573000,-1.277000,19.524000,6.366000,0,1,1,"False,False,False,False,False,False"
3.019897,96,idle,,62.882000,-2.275000,196.728000,62.923140,157.985000,76.686000,155.581000,-1.419000,0.380000,-2.573000,-1.277000,19.524000,6.366000,0,1,1,"False,False,False,False,False,False"
3.050213,97,idle,,62.882000,-2.275000,196.728000,62.923140,157.985000,76.686000,155.581000,-1.419000,0.380000,-2.573000,-1.277000,19.524000,6.366000,0,1,1,"False,False,False,False,False,False"
3.079879,98,idle,,62.882000,-2.275000,196.728000,62.923140,157.985000,76.686000,155.581000,-1.419000,0.380000,-2.573000,-1.277000,19.524000,6.366000,0,1,1,"False,False,False,False,False,False"
3.105349,99,idle,,62.882000,-2.275000,196.728000,62.923140,157.985000,76.686000,155.581000,-1.419000,0.380000,-2.573000,-1.277000,19.524000,6.366000,0,1,1,"False,False,False,False,False,False"
3.135244,100,idle,,62.882000,-2.275000,196.728000,62.923140,157.985000,76.686000,155.581000,-1.419000,0.380000,-2.573000,-1.277000,19.524000,6.366000,0,1,1,"False,False,False,False,False,False"
3.165122,101,idle,,62.882000,-2.275000,196.728000,62.923140,157.985000,76.686000,155.581000,-1.419000,0.380000,-2.573000,-1.277000,19.524000,6.366000,0,1,1,"False,False,False,False,False,False"
3.190518,102,idle,,62.882000,-2.275000,196.728000,62.923140,157.985000,76.686000,155.581000,-1.419000,0.380000,-2.573000,-1.277000,19.524000,6.366000,0,1,1,"False,False,False,False,False,False"
3.220600,103,idle,,62.882000,-2.275000,196.728000,62.923140,157.985000,76.686000,155.581000,-1.419000,0.380000,-2.573000,-1.277000,19.524000,6.366000,0,1,1,"False,False,False,False,False,False"
3.255285,104,idle,,62.882000,-2.275000,196.728000,62.923140,157.985000,76.686000,155.581000,-1.419000,0.380000,-2.573000,-1.277000,19.524000,6.366000,0,1,1,"False,False,False,False,False,False"
3.285321,105,idle,,62.882000,-2.275000,196.728000,62.923140,157.985000,76.686000,155.581000,-1.419000,0.380000,-2.573000,-1.277000,19.524000,6.366000,0,1,1,"False,False,False,False,False,False"
3.315147,106,idle,,62.882000,-2.275000,196.728000,62.923140,157.985000,76.686000,155.581000,-1.419000,0.380000,-2.573000,-1.277000,19.524000,6.366000,0,1,1,"False,False,False,False,False,False"
3.340584,107,idle,,62.882000,-2.275000,196.728000,62.923140,157.985000,76.686000,155.581000,-1.419000,0.380000,-2.573000,-1.277000,19.524000,6.366000,0,1,1,"False,False,False,False,False,False"
3.375532,108,idle,,62.882000,-2.275000,196.728000,62.923140,157.985000,76.686000,155.581000,-1.419000,0.380000,-2.573000,-1.277000,19.524000,6.366000,0,1,1,"False,False,False,False,False,False"
3.405235,109,idle,,62.882000,-2.275000,196.728000,62.923140,157.985000,76.686000,155.581000,-1.419000,0.380000,-2.573000,-1.277000,19.524000,6.366000,0,1,1,"False,False,False,False,False,False"
3.435218,110,idle,,62.882000,-2.275000,196.728000,62.923140,157.985000,76.686000,155.581000,-1.419000,0.380000,-2.573000,-1.277000,19.524000,6.366000,0,1,1,"False,False,False,False,False,False"
3.502374,111,idle,,62.882000,-2.275000,196.728000,62.923140,157.985000,76.686000,155.581000,-1.419000,0.380000,-2.573000,-1.277000,19.524000,6.366000,0,1,1,"False,False,False,False,False,False"
3.647251,112,idle,,62.882000,-2.275000,196.728000,62.923140,157.985000,76.686000,155.581000,-1.419000,0.380000,-2.573000,-1.277000,19.524000,6.366000,0,1,1,"False,False,False,False,False,False"
3.719837,113,idle,,62.882000,-2.275000,196.728000,62.923140,157.985000,76.686000,155.581000,-1.419000,0.380000,-2.573000,-1.277000,19.524000,6.366000,0,1,1,"False,False,False,False,False,False"
3.745274,114,idle,,62.882000,-2.275000,196.728000,62.923140,157.985000,76.686000,155.581000,-1.419000,0.380000,-2.573000,-1.277000,19.524000,6.366000,0,1,1,"False,False,False,False,False,False"
3.770727,115,idle,,62.882000,-2.275000,196.728000,62.923140,157.985000,76.686000,155.581000,-1.419000,0.380000,-2.573000,-1.277000,19.524000,6.366000,0,1,1,"False,False,False,False,False,False"
3.810341,116,idle,,62.882000,-2.275000,196.728000,62.923140,157.985000,76.686000,155.581000,-1.419000,0.380000,-2.573000,-1.277000,19.524000,6.366000,0,1,1,"False,False,False,False,False,False"
3.840113,117,idle,,62.882000,-2.275000,196.728000,62.923140,157.985000,76.686000,155.581000,-1.419000,0.380000,-2.573000,-1.277000,19.524000,6.366000,0,1,1,"False,False,False,False,False,False"
3.865643,118,idle,,62.882000,-2.275000,196.728000,62.923140,157.985000,76.686000,155.581000,-1.419000,0.380000,-2.573000,-1.277000,19.524000,6.366000,0,1,1,"False,False,False,False,False,False"
3.900140,119,idle,,62.882000,-2.275000,196.728000,62.923140,157.985000,76.686000,155.581000,-1.419000,0.380000,-2.573000,-1.277000,19.524000,6.366000,0,1,1,"False,False,False,False,False,False"
3.925583,120,idle,,62.882000,-2.275000,196.728000,62.923140,157.985000,76.686000,155.581000,-1.419000,0.380000,-2.573000,-1.277000,19.524000,6.366000,0,1,1,"False,False,False,False,False,False"
3.955555,121,idle,,62.882000,-2.275000,196.728000,62.923140,157.985000,76.686000,155.581000,-1.419000,0.380000,-2.573000,-1.277000,19.524000,6.366000,0,1,1,"False,False,False,False,False,False"
3.990666,122,idle,,62.882000,-2.275000,196.728000,62.923140,157.985000,76.686000,155.581000,-1.419000,0.380000,-2.573000,-1.277000,19.524000,6.366000,0,1,1,"False,False,False,False,False,False"
4.020596,123,idle,,62.882000,-2.275000,196.728000,62.923140,157.985000,76.686000,155.581000,-1.419000,0.380000,-2.573000,-1.277000,19.524000,6.366000,0,1,1,"False,False,False,False,False,False"
4.050614,124,idle,,62.882000,-2.275000,196.728000,62.923140,157.985000,76.686000,155.581000,-1.419000,0.380000,-2.573000,-1.277000,19.524000,6.366000,0,1,1,"False,False,False,False,False,False"
4.080581,125,idle,,62.882000,-2.275000,196.728000,62.923140,157.985000,76.686000,155.581000,-1.419000,0.380000,-2.573000,-1.277000,19.524000,6.366000,0,1,1,"False,False,False,False,False,False"
4.115232,126,idle,,62.882000,-2.275000,196.728000,62.923140,157.985000,76.686000,155.581000,-1.419000,0.380000,-2.573000,-1.277000,19.524000,6.366000,0,1,1,"False,False,False,False,False,False"
4.145040,127,idle,,62.882000,-2.275000,196.728000,62.923140,157.985000,76.686000,155.581000,-1.419000,0.380000,-2.573000,-1.277000,19.524000,6.366000,0,1,1,"False,False,False,False,False,False"
4.170493,128,idle,,62.882000,-2.275000,196.728000,62.923140,157.985000,76.686000,155.581000,-1.419000,0.380000,-2.573000,-1.277000,19.524000,6.366000,0,1,1,"False,False,False,False,False,False"
4.200264,129,idle,,62.882000,-2.275000,196.728000,62.923140,157.985000,76.686000,155.581000,-1.419000,0.380000,-2.573000,-1.277000,19.524000,6.366000,0,1,1,"False,False,False,False,False,False"
4.229888,130,idle,,62.882000,-2.275000,196.728000,62.923140,157.985000,76.686000,155.581000,-1.419000,0.380000,-2.573000,-1.277000,19.524000,6.366000,0,1,1,"False,False,False,False,False,False"
4.260327,131,idle,,62.882000,-2.275000,196.728000,62.923140,157.985000,76.686000,155.581000,-1.419000,0.380000,-2.573000,-1.277000,19.524000,6.366000,0,1,1,"False,False,False,False,False,False"
4.286617,132,idle,,62.882000,-2.275000,196.728000,62.923140,157.985000,76.686000,155.581000,-1.419000,0.380000,-2.573000,-1.277000,19.524000,6.366000,0,1,1,"False,False,False,False,False,False"
4.329863,133,idle,,62.882000,-2.275000,196.728000,62.923140,157.985000,76.686000,155.581000,-1.419000,0.380000,-2.573000,-1.277000,19.524000,6.366000,0,1,1,"False,False,False,False,False,False"
4.355297,134,idle,,62.882000,-2.275000,196.728000,62.923140,157.985000,76.686000,155.581000,-1.419000,0.380000,-2.573000,-1.277000,19.524000,6.366000,0,1,1,"False,False,False,False,False,False"
4.385242,135,idle,,62.882000,-2.275000,196.728000,62.923140,157.985000,76.686000,155.581000,-1.419000,0.380000,-2.573000,-1.277000,19.524000,6.366000,0,1,1,"False,False,False,False,False,False"
4.414759,136,idle,,62.882000,-2.275000,196.728000,62.923140,157.985000,76.686000,155.581000,-1.419000,0.380000,-2.573000,-1.277000,19.524000,6.366000,0,1,1,"False,False,False,False,False,False"
4.440285,137,idle,,62.882000,-2.275000,196.728000,62.923140,157.985000,76.686000,155.581000,-1.419000,0.380000,-2.573000,-1.277000,19.524000,6.366000,0,1,1,"False,False,False,False,False,False"
4.470241,138,idle,,62.882000,-2.275000,196.728000,62.923140,157.985000,76.686000,155.581000,-1.419000,0.380000,-2.573000,-1.277000,19.524000,6.366000,0,1,1,"False,False,False,False,False,False"
4.495641,139,idle,,62.882000,-2.275000,196.728000,62.923140,157.985000,76.686000,155.581000,-1.419000,0.380000,-2.573000,-1.277000,19.524000,6.366000,0,1,1,"False,False,False,False,False,False"
4.529919,140,idle,,62.882000,-2.275000,196.728000,62.923140,157.985000,76.686000,155.581000,-1.419000,0.380000,-2.573000,-1.277000,19.524000,6.366000,0,1,1,"False,False,False,False,False,False"
4.560118,141,idle,,62.882000,-2.275000,196.728000,62.923140,157.985000,76.686000,155.581000,-1.419000,0.380000,-2.573000,-1.277000,19.524000,6.366000,0,1,1,"False,False,False,False,False,False"
4.589878,142,idle,,62.882000,-2.275000,196.728000,62.923140,157.985000,76.686000,155.581000,-1.419000,0.380000,-2.573000,-1.277000,19.524000,6.366000,0,1,1,"False,False,False,False,False,False"
4.615396,143,idle,,62.882000,-2.275000,196.728000,62.923140,157.985000,76.686000,155.581000,-1.419000,0.380000,-2.573000,-1.277000,19.524000,6.366000,0,1,1,"False,False,False,False,False,False"
4.649806,144,idle,,62.882000,-2.275000,196.728000,62.923140,157.985000,76.686000,155.581000,-1.419000,0.380000,-2.573000,-1.277000,19.524000,6.366000,0,1,1,"False,False,False,False,False,False"
4.675250,145,idle,,62.882000,-2.275000,196.728000,62.923140,157.985000,76.686000,155.581000,-1.419000,0.380000,-2.573000,-1.277000,19.524000,6.366000,0,1,1,"False,False,False,False,False,False"
4.704844,146,idle,,62.882000,-2.275000,196.728000,62.923140,157.985000,76.686000,155.581000,-1.419000,0.380000,-2.573000,-1.277000,19.524000,6.366000,0,1,1,"False,False,False,False,False,False"
4.730310,147,idle,,62.882000,-2.275000,196.728000,62.923140,157.985000,76.686000,155.581000,-1.419000,0.380000,-2.573000,-1.277000,19.524000,6.366000,0,1,1,"False,False,False,False,False,False"
4.760414,148,idle,,62.882000,-2.275000,196.728000,62.923140,157.985000,76.686000,155.581000,-1.419000,0.380000,-2.573000,-1.277000,19.524000,6.366000,0,1,1,"False,False,False,False,False,False"
4.790511,149,idle,,62.882000,-2.275000,196.728000,62.923140,157.985000,76.686000,155.581000,-1.419000,0.380000,-2.573000,-1.277000,19.524000,6.366000,0,1,1,"False,False,False,False,False,False"
4.820262,150,idle,,62.882000,-2.275000,196.728000,62.923140,157.985000,76.686000,155.581000,-1.419000,0.380000,-2.573000,-1.277000,19.524000,6.366000,0,1,1,"False,False,False,False,False,False"
4.849718,151,idle,,62.882000,-2.275000,196.728000,62.923140,157.985000,76.686000,155.581000,-1.419000,0.380000,-2.573000,-1.277000,19.524000,6.366000,0,1,1,"False,False,False,False,False,False"
4.875102,152,idle,,62.882000,-2.275000,196.728000,62.923140,157.985000,76.686000,155.581000,-1.419000,0.380000,-2.573000,-1.277000,19.524000,6.366000,0,1,1,"False,False,False,False,False,False"
4.900598,153,idle,,62.882000,-2.275000,196.728000,62.923140,157.985000,76.686000,155.581000,-1.419000,0.380000,-2.573000,-1.277000,19.524000,6.366000,0,1,1,"False,False,False,False,False,False"
4.939945,154,idle,,62.882000,-2.275000,196.728000,62.923140,157.985000,76.686000,155.581000,-1.419000,0.380000,-2.573000,-1.277000,19.524000,6.366000,0,1,1,"False,False,False,False,False,False"
4.970407,155,idle,,62.882000,-2.275000,196.728000,62.923140,157.985000,76.686000,155.581000,-1.419000,0.380000,-2.573000,-1.277000,19.524000,6.366000,0,1,1,"False,False,False,False,False,False"
5.000171,156,idle,,62.882000,-2.275000,196.728000,62.923140,157.985000,76.686000,155.581000,-1.419000,0.380000,-2.573000,-1.277000,19.524000,6.366000,0,1,1,"False,False,False,False,False,False"
5.091241,157,idle,,62.882000,-2.275000,196.728000,62.923140,157.985000,76.686000,155.581000,-1.419000,0.380000,-2.573000,-1.277000,19.524000,6.366000,0,1,1,"False,False,False,False,False,False"
5.141219,158,idle,,62.882000,-2.275000,196.728000,62.923140,157.985000,76.686000,155.581000,-1.419000,0.380000,-2.573000,-1.277000,19.524000,6.366000,0,1,1,"False,False,False,False,False,False"
5.255195,159,idle,,62.882000,-2.275000,196.728000,62.923140,157.985000,76.686000,155.581000,-1.419000,0.380000,-2.573000,-1.277000,19.524000,6.366000,0,1,1,"False,False,False,False,False,False"
5.280619,160,idle,,62.882000,-2.275000,196.728000,62.923140,157.985000,76.686000,155.581000,-1.419000,0.380000,-2.573000,-1.277000,19.524000,6.366000,0,1,1,"False,False,False,False,False,False"
5.315169,161,idle,,62.882000,-2.275000,196.728000,62.923140,157.985000,76.686000,155.581000,-1.419000,0.380000,-2.573000,-1.277000,19.524000,6.366000,0,1,1,"False,False,False,False,False,False"
5.340636,162,idle,,62.882000,-2.275000,196.728000,62.923140,157.985000,76.686000,155.581000,-1.419000,0.380000,-2.573000,-1.277000,19.524000,6.366000,0,1,1,"False,False,False,False,False,False"
5.375593,163,idle,,62.882000,-2.275000,196.728000,62.923140,157.985000,76.686000,155.581000,-1.419000,0.380000,-2.573000,-1.277000,19.524000,6.366000,0,1,1,"False,False,False,False,False,False"
5.405543,164,idle,,62.882000,-2.275000,196.728000,62.923140,157.985000,76.686000,155.581000,-1.419000,0.380000,-2.573000,-1.277000,19.524000,6.366000,0,1,1,"False,False,False,False,False,False"
5.440158,165,idle,,62.882000,-2.275000,196.728000,62.923140,157.985000,76.686000,155.581000,-1.419000,0.380000,-2.573000,-1.277000,19.524000,6.366000,0,1,1,"False,False,False,False,False,False"
5.465626,166,idle,,62.882000,-2.275000,196.728000,62.923140,157.985000,76.686000,155.581000,-1.419000,0.380000,-2.573000,-1.277000,19.524000,6.366000,0,1,1,"False,False,False,False,False,False"
5.499949,167,idle,,62.882000,-2.275000,196.728000,62.923140,157.985000,76.686000,155.581000,-1.419000,0.380000,-2.573000,-1.277000,19.524000,6.366000,0,1,1,"False,False,False,False,False,False"
5.525352,168,idle,,62.882000,-2.275000,196.728000,62.923140,157.985000,76.686000,155.581000,-1.419000,0.380000,-2.573000,-1.277000,19.524000,6.366000,0,1,1,"False,False,False,False,False,False"
5.560394,169,idle,,62.882000,-2.275000,196.728000,62.923140,157.985000,76.686000,155.581000,-1.419000,0.380000,-2.573000,-1.277000,19.524000,6.366000,0,1,1,"False,False,False,False,False,False"
5.590195,170,idle,,62.882000,-2.275000,196.728000,62.923140,157.985000,76.686000,155.581000,-1.419000,0.380000,-2.573000,-1.277000,19.524000,6.366000,0,1,1,"False,False,False,False,False,False"
5.619903,171,idle,,62.882000,-2.275000,196.728000,62.923140,157.985000,76.686000,155.581000,-1.419000,0.380000,-2.573000,-1.277000,19.524000,6.366000,0,1,1,"False,False,False,False,False,False"
5.645499,172,idle,,62.882000,-2.275000,196.728000,62.923140,157.985000,76.686000,155.581000,-1.419000,0.380000,-2.573000,-1.277000,19.524000,6.366000,0,1,1,"False,False,False,False,False,False"
5.675426,173,idle,,62.882000,-2.275000,196.728000,62.923140,157.985000,76.686000,155.581000,-1.419000,0.380000,-2.573000,-1.277000,19.524000,6.366000,0,1,1,"False,False,False,False,False,False"
5.705522,174,idle,,62.882000,-2.275000,196.728000,62.923140,157.985000,76.686000,155.581000,-1.419000,0.380000,-2.573000,-1.277000,19.524000,6.366000,0,1,1,"False,False,False,False,False,False"
5.735629,175,idle,,62.882000,-2.275000,196.728000,62.923140,157.985000,76.686000,155.581000,-1.419000,0.380000,-2.573000,-1.277000,19.524000,6.366000,0,1,1,"False,False,False,False,False,False"
5.765718,176,idle,,62.882000,-2.275000,196.728000,62.923140,157.985000,76.686000,155.581000,-1.419000,0.380000,-2.573000,-1.277000,19.524000,6.366000,0,1,1,"False,False,False,False,False,False"
5.795621,177,idle,,62.882000,-2.275000,196.728000,62.923140,157.985000,76.686000,155.581000,-1.419000,0.380000,-2.573000,-1.277000,19.524000,6.366000,0,1,1,"False,False,False,False,False,False"
5.825361,178,idle,,62.882000,-2.275000,196.728000,62.923140,157.985000,76.686000,155.581000,-1.419000,0.380000,-2.573000,-1.277000,19.524000,6.366000,0,1,1,"False,False,False,False,False,False"
5.855482,179,idle,,62.882000,-2.275000,196.728000,62.923140,157.985000,76.686000,155.581000,-1.419000,0.380000,-2.573000,-1.277000,19.524000,6.366000,0,1,1,"False,False,False,False,False,False"
5.885449,180,idle,,62.882000,-2.275000,196.728000,62.923140,157.985000,76.686000,155.581000,-1.419000,0.380000,-2.573000,-1.277000,19.524000,6.366000,0,1,1,"False,False,False,False,False,False"
5.915745,181,idle,,62.882000,-2.275000,196.728000,62.923140,157.985000,76.686000,155.581000,-1.419000,0.380000,-2.573000,-1.277000,19.524000,6.366000,0,1,1,"False,False,False,False,False,False"
5.950387,182,idle,,62.882000,-2.275000,196.728000,62.923140,157.985000,76.686000,155.581000,-1.419000,0.380000,-2.573000,-1.277000,19.524000,6.366000,0,1,1,"False,False,False,False,False,False"
5.980291,183,idle,,62.882000,-2.275000,196.728000,62.923140,157.985000,76.686000,155.581000,-1.419000,0.380000,-2.573000,-1.277000,19.524000,6.366000,0,1,1,"False,False,False,False,False,False"
6.010144,184,idle,,62.882000,-2.275000,196.728000,62.923140,157.985000,76.686000,155.581000,-1.419000,0.380000,-2.573000,-1.277000,19.524000,6.366000,0,1,1,"False,False,False,False,False,False"
6.035632,185,idle,,62.882000,-2.275000,196.728000,62.923140,157.985000,76.686000,155.581000,-1.419000,0.380000,-2.573000,-1.277000,19.524000,6.366000,0,1,1,"False,False,False,False,False,False"
6.070385,186,idle,,62.882000,-2.275000,196.728000,62.923140,157.985000,76.686000,155.581000,-1.419000,0.380000,-2.573000,-1.277000,19.524000,6.366000,0,1,1,"False,False,False,False,False,False"
6.100265,187,idle,,62.882000,-2.275000,196.728000,62.923140,157.985000,76.686000,155.581000,-1.419000,0.380000,-2.573000,-1.277000,19.524000,6.366000,0,1,1,"False,False,False,False,False,False"
6.125655,188,idle,,62.882000,-2.275000,196.728000,62.923140,157.985000,76.686000,155.581000,-1.419000,0.380000,-2.573000,-1.277000,19.524000,6.366000,0,1,1,"False,False,False,False,False,False"
6.155520,189,idle,,62.882000,-2.275000,196.728000,62.923140,157.985000,76.686000,155.581000,-1.419000,0.380000,-2.573000,-1.277000,19.524000,6.366000,0,1,1,"False,False,False,False,False,False"
6.189847,190,idle,,62.882000,-2.275000,196.728000,62.923140,157.985000,76.686000,155.581000,-1.419000,0.380000,-2.573000,-1.277000,19.524000,6.366000,0,1,1,"False,False,False,False,False,False"
6.215326,191,idle,,62.882000,-2.275000,196.728000,62.923140,157.985000,76.686000,155.581000,-1.419000,0.380000,-2.573000,-1.277000,19.524000,6.366000,0,1,1,"False,False,False,False,False,False"
6.245558,192,idle,,62.882000,-2.275000,196.728000,62.923140,157.985000,76.686000,155.581000,-1.419000,0.380000,-2.573000,-1.277000,19.524000,6.366000,0,1,1,"False,False,False,False,False,False"
6.275417,193,idle,,62.882000,-2.275000,196.728000,62.923140,157.985000,76.686000,155.581000,-1.419000,0.380000,-2.573000,-1.277000,19.524000,6.366000,0,1,1,"False,False,False,False,False,False"
6.315598,194,idle,,62.882000,-2.275000,196.728000,62.923140,157.985000,76.686000,155.581000,-1.419000,0.380000,-2.573000,-1.277000,19.524000,6.366000,0,1,1,"False,False,False,False,False,False"
6.379847,195,idle,,62.882000,-2.275000,196.728000,62.923140,157.985000,76.686000,155.581000,-1.419000,0.380000,-2.573000,-1.277000,19.524000,6.366000,0,1,1,"False,False,False,False,False,False"
6.405268,196,idle,,62.882000,-2.275000,196.728000,62.923140,157.985000,76.686000,155.581000,-1.419000,0.380000,-2.573000,-1.277000,19.524000,6.366000,0,1,1,"False,False,False,False,False,False"
6.435259,197,idle,,62.882000,-2.275000,196.728000,62.923140,157.985000,76.686000,155.581000,-1.419000,0.380000,-2.573000,-1.277000,19.524000,6.366000,0,1,1,"False,False,False,False,False,False"
6.469927,198,idle,,62.882000,-2.275000,196.728000,62.923140,157.985000,76.686000,155.581000,-1.419000,0.380000,-2.573000,-1.277000,19.524000,6.366000,0,1,1,"False,False,False,False,False,False"
6.495323,199,idle,,62.882000,-2.275000,196.728000,62.923140,157.985000,76.686000,155.581000,-1.419000,0.380000,-2.573000,-1.277000,19.524000,6.366000,0,1,1,"False,False,False,False,False,False"
6.525156,200,idle,,62.882000,-2.275000,196.728000,62.923140,157.985000,76.686000,155.581000,-1.419000,0.380000,-2.573000,-1.277000,19.524000,6.366000,0,1,1,"False,False,False,False,False,False"
6.550660,201,idle,,62.882000,-2.275000,196.728000,62.923140,157.985000,76.686000,155.581000,-1.419000,0.380000,-2.573000,-1.277000,19.524000,6.366000,0,1,1,"False,False,False,False,False,False"
6.585615,202,idle,,62.882000,-2.275000,196.728000,62.923140,157.985000,76.686000,155.581000,-1.419000,0.380000,-2.573000,-1.277000,19.524000,6.366000,0,1,1,"False,False,False,False,False,False"
6.615506,203,idle,,62.882000,-2.275000,196.728000,62.923140,157.985000,76.686000,155.581000,-1.419000,0.380000,-2.573000,-1.277000,19.524000,6.366000,0,1,1,"False,False,False,False,False,False"
6.645695,204,idle,,62.882000,-2.275000,196.728000,62.923140,157.985000,76.686000,155.581000,-1.419000,0.380000,-2.573000,-1.277000,19.524000,6.366000,0,1,1,"False,False,False,False,False,False"
6.675575,205,idle,,62.882000,-2.275000,196.728000,62.923140,157.985000,76.686000,155.581000,-1.419000,0.380000,-2.573000,-1.277000,19.524000,6.366000,0,1,1,"False,False,False,False,False,False"
6.705742,206,idle,,62.882000,-2.275000,196.728000,62.923140,157.985000,76.686000,155.581000,-1.419000,0.380000,-2.573000,-1.277000,19.524000,6.366000,0,1,1,"False,False,False,False,False,False"
6.749858,207,idle,,62.882000,-2.275000,196.728000,62.923140,157.985000,76.686000,155.581000,-1.419000,0.380000,-2.573000,-1.277000,19.524000,6.366000,0,1,1,"False,False,False,False,False,False"
6.775424,208,idle,,62.882000,-2.275000,196.728000,62.923140,157.985000,76.686000,155.581000,-1.419000,0.380000,-2.573000,-1.277000,19.524000,6.366000,0,1,1,"False,False,False,False,False,False"
6.805134,209,idle,,62.882000,-2.275000,196.728000,62.923140,157.985000,76.686000,155.581000,-1.419000,0.380000,-2.573000,-1.277000,19.524000,6.366000,0,1,1,"False,False,False,False,False,False"
6.830558,210,idle,,62.882000,-2.275000,196.728000,62.923140,157.985000,76.686000,155.581000,-1.419000,0.380000,-2.573000,-1.277000,19.524000,6.366000,0,1,1,"False,False,False,False,False,False"
6.860568,211,idle,,62.882000,-2.275000,196.728000,62.923140,157.985000,76.686000,155.581000,-1.419000,0.380000,-2.573000,-1.277000,19.524000,6.366000,0,1,1,"False,False,False,False,False,False"
6.890328,212,idle,,62.882000,-2.275000,196.728000,62.923140,157.985000,76.686000,155.581000,-1.419000,0.380000,-2.573000,-1.277000,19.524000,6.366000,0,1,1,"False,False,False,False,False,False"
6.920148,213,idle,,62.882000,-2.275000,196.728000,62.923140,157.985000,76.686000,155.581000,-1.419000,0.380000,-2.573000,-1.277000,19.524000,6.366000,0,1,1,"False,False,False,False,False,False"
6.945588,214,idle,,62.882000,-2.275000,196.728000,62.923140,157.985000,76.686000,155.581000,-1.419000,0.380000,-2.573000,-1.277000,19.524000,6.366000,0,1,1,"False,False,False,False,False,False"
6.980277,215,idle,,62.882000,-2.275000,196.728000,62.923140,157.985000,76.686000,155.581000,-1.419000,0.380000,-2.573000,-1.277000,19.524000,6.366000,0,1,1,"False,False,False,False,False,False"
7.010376,216,idle,,62.882000,-2.275000,196.728000,62.923140,157.985000,76.686000,155.581000,-1.419000,0.380000,-2.573000,-1.277000,19.524000,6.366000,0,1,1,"False,False,False,False,False,False"
7.040109,217,idle,,62.882000,-2.275000,196.728000,62.923140,157.985000,76.686000,155.581000,-1.419000,0.380000,-2.573000,-1.277000,19.524000,6.366000,0,1,1,"False,False,False,False,False,False"
7.065569,218,idle,,62.882000,-2.275000,196.728000,62.923140,157.985000,76.686000,155.581000,-1.419000,0.380000,-2.573000,-1.277000,19.524000,6.366000,0,1,1,"False,False,False,False,False,False"
7.095354,219,idle,,62.882000,-2.275000,196.728000,62.923140,157.985000,76.686000,155.581000,-1.419000,0.380000,-2.573000,-1.277000,19.524000,6.366000,0,1,1,"False,False,False,False,False,False"
7.129930,220,idle,,62.882000,-2.275000,196.728000,62.923140,157.985000,76.686000,155.581000,-1.419000,0.380000,-2.573000,-1.277000,19.524000,6.366000,0,1,1,"False,False,False,False,False,False"
7.155557,221,idle,,62.882000,-2.275000,196.728000,62.923140,157.985000,76.686000,155.581000,-1.419000,0.380000,-2.573000,-1.277000,19.524000,6.366000,0,1,1,"False,False,False,False,False,False"
7.185586,222,idle,,62.882000,-2.275000,196.728000,62.923140,157.985000,76.686000,155.581000,-1.419000,0.380000,-2.573000,-1.277000,19.524000,6.366000,0,1,1,"False,False,False,False,False,False"
7.225106,223,idle,,62.882000,-2.275000,196.728000,62.923140,157.985000,76.686000,155.581000,-1.419000,0.380000,-2.573000,-1.277000,19.524000,6.366000,0,1,1,"False,False,False,False,False,False"
7.250545,224,idle,,62.882000,-2.275000,196.728000,62.923140,157.985000,76.686000,155.581000,-1.419000,0.380000,-2.573000,-1.277000,19.524000,6.366000,0,1,1,"False,False,False,False,False,False"
7.280401,225,idle,,62.882000,-2.275000,196.728000,62.923140,157.985000,76.686000,155.581000,-1.419000,0.380000,-2.573000,-1.277000,19.524000,6.366000,0,1,1,"False,False,False,False,False,False"
7.310095,226,idle,,62.882000,-2.275000,196.728000,62.923140,157.985000,76.686000,155.581000,-1.419000,0.380000,-2.573000,-1.277000,19.524000,6.366000,0,1,1,"False,False,False,False,False,False"
7.339964,227,idle,,62.882000,-2.275000,196.728000,62.923140,157.985000,76.686000,155.581000,-1.419000,0.380000,-2.573000,-1.277000,19.524000,6.366000,0,1,1,"False,False,False,False,False,False"
7.365407,228,idle,,62.882000,-2.275000,196.728000,62.923140,157.985000,76.686000,155.581000,-1.419000,0.380000,-2.573000,-1.277000,19.524000,6.366000,0,1,1,"False,False,False,False,False,False"
7.395404,229,idle,,62.882000,-2.275000,196.728000,62.923140,157.985000,76.686000,155.581000,-1.419000,0.380000,-2.573000,-1.277000,19.524000,6.366000,0,1,1,"False,False,False,False,False,False"
7.425309,230,idle,,62.882000,-2.275000,196.728000,62.923140,157.985000,76.686000,155.581000,-1.419000,0.380000,-2.573000,-1.277000,19.524000,6.366000,0,1,1,"False,False,False,False,False,False"
7.455437,231,idle,,62.882000,-2.275000,196.728000,62.923140,157.985000,76.686000,155.581000,-1.419000,0.380000,-2.573000,-1.277000,19.524000,6.366000,0,1,1,"False,False,False,False,False,False"
7.485534,232,idle,,62.882000,-2.275000,196.728000,62.923140,157.985000,76.686000,155.581000,-1.419000,0.380000,-2.573000,-1.277000,19.524000,6.366000,0,1,1,"False,False,False,False,False,False"
7.515591,233,idle,,62.882000,-2.275000,196.728000,62.923140,157.985000,76.686000,155.581000,-1.419000,0.380000,-2.573000,-1.277000,19.524000,6.366000,0,1,1,"False,False,False,False,False,False"
7.550511,234,idle,,62.882000,-2.275000,196.728000,62.923140,157.985000,76.686000,155.581000,-1.419000,0.380000,-2.573000,-1.277000,19.524000,6.366000,0,1,1,"False,False,False,False,False,False"
7.589934,235,idle,,62.882000,-2.275000,196.728000,62.923140,157.985000,76.686000,155.581000,-1.419000,0.380000,-2.573000,-1.277000,19.524000,6.366000,0,1,1,"False,False,False,False,False,False"
7.615383,236,idle,,62.882000,-2.275000,196.728000,62.923140,157.985000,76.686000,155.581000,-1.419000,0.380000,-2.573000,-1.277000,19.524000,6.366000,0,1,1,"False,False,False,False,False,False"
7.725224,237,idle,,62.882000,-2.275000,196.728000,62.923140,157.985000,76.686000,155.581000,-1.419000,0.380000,-2.573000,-1.277000,19.524000,6.366000,0,1,1,"False,False,False,False,False,False"
7.805170,238,idle,,62.882000,-2.275000,196.728000,62.923140,157.985000,76.686000,155.581000,-1.419000,0.380000,-2.573000,-1.277000,19.524000,6.366000,0,1,1,"False,False,False,False,False,False"
