time_s,sample,action,target_little,target_ring,target_middle,target_index,target_thumb_bend,target_thumb_swing,angle_little,angle_ring,angle_middle,angle_index,angle_thumb_bend,angle_thumb_swing,force_little,force_ring,force_middle,force_index,force_thumb_bend,force_thumb_swing,force_delta_little,force_delta_ring,force_delta_middle,force_delta_index,force_delta_thumb_bend,force_delta_thumb_swing,status_little,status_ring,status_middle,status_index,status_thumb_bend,status_thumb_swing,temp_little,temp_ring,temp_middle,temp_index,temp_thumb_bend,temp_thumb_swing
1.186655,0,initial_open,1720,1720,1720,1720,1450,900.0,1722.0,1722.0,1722.0,1721.0,1447.0,897.0,57.0,-4.0,-17.0,23.0,9.0,119.0,0.0,-1.0,-1.0,0.0,0.0,0.0,2.0,2.0,2.0,2.0,2.0,2.0,48.0,48.0,48.0,48.0,40.0,46.0
1.348969,1,initial_open,1720,1720,1720,1720,1450,900.0,1722.0,1722.0,1722.0,1721.0,1447.0,897.0,57.0,-4.0,-17.0,23.0,9.0,118.0,0.0,-1.0,-1.0,0.0,0.0,-1.0,2.0,2.0,2.0,2.0,2.0,2.0,48.0,48.0,48.0,48.0,40.0,46.0
1.511228,2,initial_open,1720,1720,1720,1720,1450,900.0,1722.0,1722.0,1722.0,1721.0,1447.0,897.0,57.0,-4.0,-17.0,22.0,9.0,119.0,0.0,-1.0,-1.0,-1.0,0.0,0.0,2.0,2.0,2.0,2.0,2.0,2.0,48.0,48.0,48.0,48.0,40.0,46.0
1.673446,3,initial_open,1720,1720,1720,1720,1450,900.0,1722.0,1722.0,1721.0,1721.0,1447.0,897.0,57.0,-3.0,-17.0,23.0,9.0,119.0,0.0,0.0,-1.0,0.0,0.0,0.0,2.0,2.0,2.0,2.0,2.0,2.0,48.0,48.0,48.0,48.0,40.0,46.0
1.845876,4,initial_open,1720,1720,1720,1720,1450,900.0,1722.0,1722.0,1721.0,1721.0,1447.0,897.0,57.0,-4.0,-16.0,22.0,9.0,119.0,0.0,-1.0,0.0,-1.0,0.0,0.0,2.0,2.0,2.0,2.0,2.0,2.0,48.0,48.0,48.0,48.0,40.0,46.0
2.008070,5,initial_open,1720,1720,1720,1720,1450,900.0,1722.0,1722.0,1721.0,1721.0,1447.0,897.0,57.0,-4.0,-16.0,23.0,9.0,119.0,0.0,-1.0,0.0,0.0,0.0,0.0,2.0,2.0,2.0,2.0,2.0,2.0,48.0,48.0,48.0,48.0,40.0,46.0
2.160111,6,initial_open,1720,1720,1720,1720,1450,900.0,1722.0,1722.0,1721.0,1721.0,1447.0,897.0,57.0,-2.0,-17.0,23.0,9.0,118.0,0.0,1.0,-1.0,0.0,0.0,-1.0,2.0,2.0,2.0,2.0,2.0,2.0,48.0,48.0,48.0,48.0,40.0,46.0
2.322364,7,initial_open,1720,1720,1720,1720,1450,900.0,1722.0,1722.0,1722.0,1721.0,1447.0,897.0,57.0,-4.0,-17.0,22.0,9.0,119.0,0.0,-1.0,-1.0,-1.0,0.0,0.0,2.0,2.0,2.0,2.0,2.0,2.0,48.0,48.0,48.0,48.0,40.0,46.0
2.484568,8,initial_open,1720,1720,1720,1720,1450,900.0,1722.0,1722.0,1721.0,1721.0,1447.0,897.0,57.0,-2.0,-17.0,23.0,9.0,119.0,0.0,1.0,-1.0,0.0,0.0,0.0,2.0,2.0,2.0,2.0,2.0,2.0,48.0,48.0,48.0,48.0,40.0,46.0
2.646736,9,initial_open,1720,1720,1720,1720,1450,900.0,1722.0,1722.0,1722.0,1721.0,1447.0,897.0,57.0,-3.0,-16.0,23.0,9.0,119.0,0.0,0.0,0.0,0.0,0.0,0.0,2.0,2.0,2.0,2.0,2.0,2.0,48.0,48.0,48.0,48.0,40.0,46.0
2.809053,10,initial_open,1720,1720,1720,1720,1450,900.0,1722.0,1722.0,1721.0,1721.0,1447.0,897.0,57.0,-4.0,-17.0,23.0,9.0,119.0,0.0,-1.0,-1.0,0.0,0.0,0.0,2.0,2.0,2.0,2.0,2.0,2.0,48.0,48.0,48.0,48.0,40.0,46.0
2.981490,11,initial_open,1720,1720,1720,1720,1450,900.0,1722.0,1722.0,1722.0,1721.0,1447.0,897.0,58.0,-3.0,-17.0,23.0,9.0,119.0,1.0,0.0,-1.0,0.0,0.0,0.0,2.0,2.0,2.0,2.0,2.0,2.0,48.0,48.0,48.0,48.0,40.0,46.0
3.143836,12,initial_open,1720,1720,1720,1720,1450,900.0,1722.0,1722.0,1722.0,1721.0,1447.0,897.0,57.0,-2.0,-16.0,23.0,9.0,119.0,0.0,1.0,0.0,0.0,0.0,0.0,2.0,2.0,2.0,2.0,2.0,2.0,48.0,48.0,48.0,48.0,40.0,46.0
3.316347,13,initial_open,1720,1720,1720,1720,1450,900.0,1722.0,1722.0,1722.0,1721.0,1447.0,897.0,57.0,-3.0,-16.0,23.0,9.0,119.0,0.0,0.0,0.0,0.0,0.0,0.0,2.0,2.0,2.0,2.0,2.0,2.0,48.0,48.0,48.0,48.0,40.0,46.0
3.478577,14,initial_open,1720,1720,1720,1720,1450,900.0,1722.0,1722.0,1722.0,1721.0,1447.0,897.0,58.0,-2.0,-16.0,23.0,9.0,119.0,1.0,1.0,0.0,0.0,0.0,0.0,2.0,2.0,2.0,2.0,2.0,2.0,48.0,48.0,48.0,48.0,40.0,46.0
3.640757,15,initial_open,1720,1720,1720,1720,1450,900.0,1722.0,1722.0,1722.0,1721.0,1447.0,897.0,57.0,-4.0,-16.0,23.0,9.0,119.0,0.0,-1.0,0.0,0.0,0.0,0.0,2.0,2.0,2.0,2.0,2.0,2.0,48.0,48.0,48.0,48.0,40.0,46.0
3.813281,16,initial_open,1720,1720,1720,1720,1450,900.0,1722.0,1722.0,1722.0,1721.0,1447.0,897.0,58.0,-2.0,-16.0,23.0,9.0,119.0,1.0,1.0,0.0,0.0,0.0,0.0,2.0,2.0,2.0,2.0,2.0,2.0,48.0,48.0,48.0,48.0,40.0,46.0
3.975555,17,initial_open,1720,1720,1720,1720,1450,900.0,1722.0,1722.0,1722.0,1721.0,1447.0,897.0,58.0,-3.0,-16.0,23.0,9.0,119.0,1.0,0.0,0.0,0.0,0.0,0.0,2.0,2.0,2.0,2.0,2.0,2.0,48.0,48.0,48.0,48.0,40.0,46.0
4.148048,18,initial_open,1720,1720,1720,1720,1450,900.0,1722.0,1722.0,1721.0,1721.0,1447.0,897.0,57.0,-2.0,-16.0,23.0,9.0,119.0,0.0,1.0,0.0,0.0,0.0,0.0,2.0,2.0,2.0,2.0,2.0,2.0,48.0,48.0,48.0,48.0,40.0,46.0
4.310305,19,initial_open,1720,1720,1720,1720,1450,900.0,1722.0,1722.0,1722.0,1721.0,1447.0,897.0,58.0,-2.0,-17.0,23.0,9.0,118.0,1.0,1.0,-1.0,0.0,0.0,-1.0,2.0,2.0,2.0,2.0,2.0,2.0,48.0,48.0,48.0,48.0,40.0,46.0
4.472615,20,initial_open,1720,1720,1720,1720,1450,900.0,1722.0,1722.0,1722.0,1721.0,1447.0,897.0,58.0,-2.0,-17.0,23.0,9.0,117.0,1.0,1.0,-1.0,0.0,0.0,-2.0,2.0,2.0,2.0,2.0,2.0,2.0,48.0,48.0,48.0,48.0,40.0,46.0
4.645025,21,initial_open,1720,1720,1720,1720,1450,900.0,1722.0,1722.0,1722.0,1721.0,1447.0,897.0,58.0,-2.0,-17.0,23.0,9.0,117.0,1.0,1.0,-1.0,0.0,0.0,-2.0,2.0,2.0,2.0,2.0,2.0,2.0,48.0,48.0,48.0,48.0,40.0,46.0
4.807306,22,initial_open,1720,1720,1720,1720,1450,900.0,1722.0,1722.0,1721.0,1721.0,1447.0,897.0,59.0,-2.0,-17.0,23.0,9.0,117.0,2.0,1.0,-1.0,0.0,0.0,-2.0,2.0,2.0,2.0,2.0,2.0,2.0,48.0,48.0,48.0,48.0,40.0,46.0
4.979809,23,initial_open,1720,1720,1720,1720,1450,900.0,1722.0,1722.0,1722.0,1721.0,1447.0,897.0,58.0,-2.0,-17.0,23.0,9.0,117.0,1.0,1.0,-1.0,0.0,0.0,-2.0,2.0,2.0,2.0,2.0,2.0,2.0,48.0,48.0,48.0,48.0,40.0,46.0
5.142074,24,initial_open,1720,1720,1720,1720,1450,900.0,1722.0,1722.0,1722.0,1721.0,1447.0,897.0,58.0,-2.0,-17.0,23.0,9.0,117.0,1.0,1.0,-1.0,0.0,0.0,-2.0,2.0,2.0,2.0,2.0,2.0,2.0,48.0,48.0,48.0,48.0,40.0,46.0
5.335195,25,auto_close_step_15,1705,1705,1705,1705,1435,900.0,1722.0,1722.0,1721.0,1721.0,1447.0,897.0,58.0,-2.0,-17.0,23.0,9.0,117.0,1.0,1.0,-1.0,0.0,0.0,-2.0,1.0,1.0,1.0,1.0,1.0,0.0,46.0,48.0,48.0,48.0,40.0,46.0
5.507715,26,auto_close_step_15,1705,1705,1705,1705,1435,900.0,1722.0,1722.0,1722.0,1721.0,1447.0,897.0,59.0,-2.0,-17.0,23.0,11.0,117.0,2.0,1.0,-1.0,0.0,2.0,-2.0,1.0,1.0,1.0,1.0,1.0,2.0,48.0,48.0,48.0,48.0,40.0,46.0
5.669924,27,auto_close_step_15,1705,1705,1705,1705,1435,900.0,1722.0,1722.0,1722.0,1721.0,1437.0,897.0,57.0,-2.0,-17.0,23.0,20.0,119.0,0.0,1.0,-1.0,0.0,11.0,0.0,1.0,1.0,1.0,1.0,1.0,2.0,48.0,48.0,48.0,48.0,40.0,46.0
5.862947,28,auto_close_step_15,1690,1690,1690,1690,1420,900.0,1722.0,1722.0,1722.0,1721.0,1437.0,897.0,60.0,-2.0,-17.0,23.0,18.0,118.0,3.0,1.0,-1.0,0.0,9.0,-1.0,1.0,1.0,1.0,1.0,1.0,0.0,48.0,48.0,48.0,48.0,40.0,46.0
6.035477,29,auto_close_step_15,1690,1690,1690,1690,1420,900.0,1704.0,1704.0,1704.0,1705.0,1427.0,897.0,69.0,8.0,-6.0,31.0,23.0,119.0,12.0,11.0,10.0,8.0,14.0,0.0,1.0,1.0,1.0,1.0,1.0,2.0,48.0,48.0,48.0,48.0,40.0,46.0
6.197724,30,auto_close_step_15,1690,1690,1690,1690,1420,900.0,1699.0,1694.0,1696.0,1702.0,1423.0,897.0,73.0,13.0,-4.0,31.0,24.0,119.0,16.0,16.0,12.0,8.0,15.0,0.0,1.0,1.0,1.0,1.0,1.0,2.0,48.0,48.0,48.0,48.0,40.0,46.0
6.390785,31,auto_close_step_15,1675,1675,1675,1675,1405,900.0,1691.0,1694.0,1696.0,1692.0,1423.0,897.0,73.0,12.0,-4.0,29.0,23.0,119.0,16.0,15.0,12.0,6.0,14.0,0.0,1.0,1.0,1.0,1.0,1.0,0.0,48.0,48.0,48.0,48.0,40.0,46.0
6.563329,32,auto_close_step_15,1675,1675,1675,1675,1405,900.0,1691.0,1694.0,1689.0,1684.0,1411.0,897.0,73.0,11.0,-1.0,26.0,29.0,119.0,16.0,14.0,15.0,3.0,20.0,0.0,1.0,1.0,1.0,1.0,1.0,2.0,48.0,48.0,48.0,48.0,40.0,46.0
6.725575,33,auto_close_step_15,1675,1675,1675,1675,1405,900.0,1691.0,1689.0,1683.0,1680.0,1408.0,897.0,73.0,14.0,-2.0,24.0,29.0,120.0,16.0,17.0,14.0,1.0,20.0,1.0,1.0,1.0,1.0,1.0,1.0,2.0,48.0,48.0,48.0,48.0,40.0,46.0
6.918452,34,auto_close_step_15,1660,1660,1660,1660,1390,900.0,1691.0,1678.0,1676.0,1680.0,1407.0,897.0,71.0,18.0,0.0,22.0,29.0,120.0,14.0,21.0,16.0,-1.0,20.0,1.0,1.0,1.0,1.0,1.0,1.0,0.0,48.0,48.0,48.0,48.0,40.0,46.0
7.090963,35,auto_close_step_15,1660,1660,1660,1660,1390,900.0,1673.0,1672.0,1668.0,1680.0,1395.0,897.0,75.0,18.0,0.0,21.0,36.0,121.0,18.0,21.0,16.0,-2.0,27.0,2.0,1.0,1.0,1.0,1.0,1.0,2.0,48.0,48.0,48.0,48.0,40.0,46.0
7.253235,36,auto_close_step_15,1660,1660,1660,1660,1390,900.0,1668.0,1663.0,1665.0,1673.0,1394.0,897.0,75.0,20.0,1.0,23.0,32.0,121.0,18.0,23.0,17.0,0.0,23.0,2.0,1.0,1.0,1.0,1.0,1.0,2.0,48.0,48.0,48.0,48.0,40.0,46.0
7.446248,37,auto_close_step_15,1645,1645,1645,1645,1375,900.0,1661.0,1663.0,1661.0,1665.0,1393.0,897.0,79.0,20.0,2.0,21.0,33.0,121.0,22.0,23.0,18.0,-2.0,24.0,2.0,1.0,1.0,1.0,1.0,1.0,0.0,48.0,48.0,48.0,48.0,40.0,46.0
7.618728,38,auto_close_step_15,1645,1645,1645,1645,1375,900.0,1656.0,1654.0,1661.0,1659.0,1381.0,897.0,78.0,22.0,0.0,23.0,40.0,121.0,21.0,25.0,16.0,0.0,31.0,2.0,1.0,1.0,1.0,1.0,1.0,2.0,48.0,48.0,48.0,48.0,40.0,46.0
7.780942,39,auto_close_step_15,1645,1645,1645,1645,1375,900.0,1648.0,1649.0,1658.0,1655.0,1380.0,897.0,80.0,20.0,2.0,23.0,38.0,121.0,23.0,23.0,18.0,0.0,29.0,2.0,1.0,1.0,1.0,1.0,1.0,2.0,48.0,48.0,48.0,48.0,40.0,46.0
7.973997,40,auto_close_step_15,1630,1630,1630,1630,1360,900.0,1645.0,1649.0,1654.0,1645.0,1378.0,897.0,80.0,20.0,4.0,24.0,38.0,122.0,23.0,23.0,20.0,1.0,29.0,3.0,1.0,1.0,1.0,1.0,1.0,0.0,48.0,48.0,48.0,48.0,40.0,46.0
8.146431,41,auto_close_step_15,1630,1630,1630,1630,1360,900.0,1645.0,1649.0,1642.0,1641.0,1365.0,897.0,80.0,20.0,3.0,24.0,45.0,123.0,23.0,23.0,19.0,1.0,36.0,4.0,1.0,1.0,1.0,1.0,1.0,2.0,48.0,48.0,48.0,48.0,40.0,46.0
8.308612,42,auto_close_step_15,1630,1630,1630,1630,1360,900.0,1645.0,1642.0,1635.0,1635.0,1365.0,897.0,78.0,24.0,6.0,24.0,41.0,123.0,21.0,27.0,22.0,1.0,32.0,4.0,1.0,1.0,1.0,1.0,1.0,2.0,48.0,48.0,48.0,48.0,40.0,46.0
8.501633,43,auto_close_step_15,1615,1615,1615,1615,1345,900.0,1642.0,1634.0,1630.0,1630.0,1364.0,897.0,78.0,27.0,5.0,24.0,43.0,123.0,21.0,30.0,21.0,1.0,34.0,4.0,1.0,1.0,1.0,1.0,1.0,0.0,48.0,48.0,48.0,48.0,40.0,46.0
8.674172,44,auto_close_step_15,1615,1615,1615,1615,1345,900.0,1627.0,1627.0,1630.0,1630.0,1352.0,897.0,80.0,29.0,6.0,24.0,95.0,141.0,23.0,32.0,22.0,1.0,86.0,22.0,1.0,1.0,1.0,1.0,1.0,2.0,48.0,48.0,48.0,48.0,40.0,46.0
8.836387,45,auto_close_step_15,1615,1615,1615,1615,1345,900.0,1621.0,1618.0,1627.0,1627.0,1352.0,897.0,82.0,29.0,13.0,25.0,111.0,144.0,25.0,32.0,29.0,2.0,102.0,25.0,1.0,1.0,1.0,1.0,1.0,2.0,48.0,48.0,48.0,48.0,40.0,46.0
9.029420,46,auto_close_step_15,1600,1600,1600,1600,1330,900.0,1614.0,1618.0,1619.0,1618.0,1352.0,897.0,82.0,31.0,17.0,25.0,113.0,145.0,25.0,34.0,33.0,2.0,104.0,26.0,1.0,1.0,1.0,1.0,1.0,0.0,48.0,48.0,48.0,48.0,40.0,46.0
9.201929,47,auto_close_step_15,1600,1600,1600,1600,1330,900.0,1614.0,1610.0,1611.0,1614.0,1343.0,897.0,82.0,33.0,43.0,23.0,267.0,191.0,25.0,36.0,59.0,0.0,258.0,72.0,1.0,1.0,1.0,1.0,1.0,2.0,48.0,48.0,48.0,48.0,40.0,46.0
9.364126,48,auto_close_step_15,1600,1600,1600,1600,1330,900.0,1614.0,1606.0,1604.0,1611.0,1338.0,897.0,82.0,31.0,67.0,24.0,424.0,219.0,25.0,34.0,83.0,1.0,415.0,100.0,1.0,1.0,1.0,1.0,1.0,2.0,48.0,48.0,48.0,48.0,40.0,46.0
9.557204,49,auto_close_step_15,1585,1585,1585,1585,1315,900.0,1612.0,1599.0,1600.0,1603.0,1338.0,897.0,82.0,33.0,61.0,24.0,418.0,213.0,25.0,36.0,77.0,1.0,409.0,94.0,1.0,1.0,1.0,1.0,1.0,0.0,48.0,48.0,50.0,48.0,40.0,46.0
9.729774,50,auto_close_step_15,1585,1585,1585,1585,1315,900.0,1596.0,1599.0,1600.0,1598.0,1334.0,897.0,82.0,33.0,80.0,25.0,439.0,239.0,25.0,36.0,96.0,2.0,430.0,120.0,1.0,1.0,1.0,1.0,1.0,2.0,48.0,48.0,50.0,48.0,40.0,46.0
9.892051,51,auto_close_step_15,1585,1585,1585,1585,1315,900.0,1593.0,1599.0,1599.0,1594.0,1327.0,897.0,84.0,31.0,88.0,25.0,635.0,245.0,27.0,34.0,104.0,2.0,626.0,126.0,1.0,1.0,1.0,1.0,3.0,2.0,48.0,48.0,50.0,48.0,40.0,46.0
10.085149,52,auto_close_step_15,1570,1570,1570,1570,1300,900.0,1585.0,1595.0,1595.0,1585.0,1326.0,897.0,84.0,37.0,76.0,25.0,526.0,231.0,27.0,40.0,92.0,2.0,517.0,112.0,1.0,1.0,1.0,1.0,1.0,0.0,48.0,48.0,50.0,48.0,40.0,46.0
10.257658,53,auto_close_step_15,1570,1570,1570,1570,1300,900.0,1585.0,1580.0,1581.0,1581.0,1326.0,897.0,83.0,39.0,82.0,27.0,516.0,234.0,26.0,42.0,98.0,4.0,507.0,115.0,1.0,1.0,1.0,1.0,1.0,2.0,48.0,48.0,48.0,48.0,40.0,46.0
10.419938,54,auto_close_step_15,1570,1570,1570,1570,1300,900.0,1581.0,1573.0,1579.0,1572.0,1319.0,897.0,84.0,51.0,104.0,25.0,709.0,283.0,27.0,54.0,120.0,2.0,700.0,164.0,1.0,1.0,1.0,1.0,3.0,2.0,48.0,48.0,50.0,48.0,40.0,46.0
10.612998,55,auto_close_step_15,1555,1555,1555,1555,1285,900.0,1576.0,1573.0,1568.0,1572.0,1317.0,897.0,84.0,51.0,84.0,27.0,691.0,269.0,27.0,54.0,100.0,4.0,682.0,150.0,1.0,1.0,1.0,1.0,3.0,0.0,48.0,48.0,50.0,48.0,40.0,46.0
10.785557,56,auto_close_step_15,1555,1555,1555,1555,1285,900.0,1566.0,1571.0,1568.0,1572.0,1316.0,897.0,83.0,63.0,59.0,29.0,580.0,258.0,26.0,66.0,75.0,6.0,571.0,139.0,1.0,1.0,1.0,1.0,3.0,2.0,48.0,48.0,50.0,48.0,40.0,46.0
10.947831,57,auto_close_step_15,1555,1555,1555,1555,1285,900.0,1559.0,1566.0,1568.0,1566.0,1316.0,897.0,84.0,67.0,47.0,27.0,535.0,258.0,27.0,70.0,63.0,4.0,526.0,139.0,1.0,1.0,1.0,1.0,3.0,2.0,48.0,48.0,50.0,48.0,40.0,46.0
11.140785,58,auto_close_step_15,1540,1540,1540,1540,1270,900.0,1554.0,1554.0,1566.0,1557.0,1316.0,897.0,82.0,89.0,31.0,25.0,527.0,271.0,25.0,92.0,47.0,2.0,518.0,152.0,1.0,1.0,1.0,1.0,1.0,0.0,48.0,48.0,50.0,48.0,40.0,46.0
11.313256,59,auto_close_step_15,1540,1540,1540,1540,1270,900.0,1554.0,1549.0,1550.0,1549.0,1315.0,897.0,82.0,78.0,55.0,27.0,556.0,275.0,25.0,81.0,71.0,4.0,547.0,156.0,1.0,1.0,1.0,1.0,1.0,2.0,48.0,48.0,50.0,48.0,40.0,46.0
11.475510,60,auto_close_step_15,1540,1540,1540,1540,1270,900.0,1550.0,1543.0,1548.0,1542.0,1308.0,897.0,82.0,119.0,67.0,25.0,803.0,379.0,25.0,122.0,83.0,2.0,794.0,260.0,1.0,1.0,1.0,1.0,3.0,2.0,48.0,48.0,50.0,48.0,40.0,46.0
11.668522,61,auto_close_step_15,1525,1525,1525,1525,1255,900.0,1543.0,1538.0,1538.0,1542.0,1307.0,897.0,84.0,114.0,61.0,25.0,890.0,372.0,27.0,117.0,77.0,2.0,881.0,253.0,1.0,1.0,1.0,1.0,3.0,0.0,48.0,48.0,50.0,48.0,40.0,46.0
11.840942,62,auto_close_step_15,1525,1525,1525,1525,1255,900.0,1535.0,1538.0,1538.0,1542.0,1307.0,897.0,86.0,116.0,51.0,27.0,834.0,365.0,29.0,119.0,67.0,4.0,825.0,246.0,1.0,1.0,1.0,1.0,3.0,2.0,48.0,48.0,50.0,48.0,40.0,46.0
12.003164,63,auto_close_step_15,1525,1525,1525,1525,1255,900.0,1528.0,1537.0,1537.0,1535.0,1307.0,897.0,86.0,122.0,50.0,26.0,808.0,361.0,29.0,125.0,66.0,3.0,799.0,242.0,1.0,1.0,1.0,1.0,3.0,2.0,48.0,48.0,50.0,48.0,40.0,46.0
12.196262,64,auto_close_step_15,1510,1510,1510,1510,1240,900.0,1528.0,1531.0,1534.0,1527.0,1307.0,897.0,86.0,131.0,44.0,27.0,800.0,364.0,29.0,134.0,60.0,4.0,791.0,245.0,1.0,1.0,1.0,1.0,3.0,0.0,48.0,50.0,50.0,48.0,40.0,46.0
12.368757,65,auto_close_step_15,1510,1510,1510,1510,1240,900.0,1527.0,1521.0,1520.0,1523.0,1307.0,897.0,87.0,141.0,51.0,27.0,816.0,376.0,30.0,144.0,67.0,4.0,807.0,257.0,1.0,1.0,1.0,1.0,3.0,2.0,48.0,50.0,50.0,48.0,40.0,46.0
12.531037,66,auto_close_step_15,1510,1510,1510,1510,1240,900.0,1520.0,1519.0,1517.0,1518.0,1307.0,897.0,89.0,133.0,53.0,27.0,803.0,367.0,32.0,136.0,69.0,4.0,794.0,248.0,1.0,1.0,1.0,1.0,3.0,2.0,48.0,50.0,50.0,48.0,40.0,46.0
12.724071,67,auto_close_step_15,1495,1495,1495,1495,1225,900.0,1510.0,1509.0,1509.0,1509.0,1307.0,897.0,91.0,164.0,31.0,29.0,808.0,386.0,34.0,167.0,47.0,6.0,799.0,267.0,1.0,1.0,1.0,1.0,3.0,0.0,48.0,50.0,50.0,48.0,40.0,46.0
12.896567,68,auto_close_step_15,1495,1495,1495,1495,1225,900.0,1505.0,1509.0,1509.0,1505.0,1307.0,897.0,91.0,159.0,27.0,30.0,787.0,378.0,34.0,162.0,43.0,7.0,778.0,259.0,1.0,1.0,1.0,1.0,3.0,2.0,48.0,50.0,50.0,48.0,40.0,46.0
13.058824,69,auto_close_step_15,1495,1495,1495,1495,1225,900.0,1498.0,1507.0,1505.0,1499.0,1307.0,897.0,91.0,155.0,29.0,31.0,773.0,372.0,34.0,158.0,45.0,8.0,764.0,253.0,1.0,1.0,1.0,1.0,3.0,2.0,48.0,50.0,50.0,48.0,40.0,46.0
13.251851,70,auto_close_step_15,1480,1480,1480,1480,1210,900.0,1498.0,1505.0,1500.0,1494.0,1307.0,897.0,91.0,156.0,30.0,29.0,753.0,369.0,34.0,159.0,46.0,6.0,744.0,250.0,1.0,1.0,1.0,1.0,3.0,0.0,48.0,50.0,50.0,48.0,40.0,46.0
13.424335,71,auto_close_step_15,1480,1480,1480,1480,1210,900.0,1496.0,1493.0,1490.0,1494.0,1307.0,897.0,91.0,180.0,21.0,30.0,756.0,386.0,34.0,183.0,37.0,7.0,747.0,267.0,1.0,1.0,1.0,1.0,3.0,2.0,48.0,50.0,50.0,48.0,40.0,46.0
13.586577,72,auto_close_step_15,1480,1480,1480,1480,1210,900.0,1490.0,1490.0,1483.0,1490.0,1307.0,897.0,93.0,171.0,23.0,30.0,754.0,382.0,36.0,174.0,39.0,7.0,745.0,263.0,1.0,1.0,1.0,1.0,3.0,2.0,48.0,50.0,50.0,48.0,40.0,46.0
13.779617,73,auto_close_step_15,1465,1465,1465,1465,1195,900.0,1481.0,1481.0,1480.0,1484.0,1307.0,897.0,95.0,185.0,17.0,31.0,753.0,386.0,38.0,188.0,33.0,8.0,744.0,267.0,1.0,1.0,1.0,1.0,3.0,0.0,48.0,50.0,50.0,48.0,40.0,46.0
13.952116,74,auto_close_step_15,1465,1465,1465,1465,1195,900.0,1475.0,1475.0,1480.0,1475.0,1307.0,897.0,95.0,211.0,10.0,33.0,742.0,385.0,38.0,214.0,26.0,10.0,733.0,266.0,1.0,1.0,1.0,1.0,3.0,2.0,48.0,50.0,50.0,48.0,40.0,46.0
14.114408,75,auto_close_step_15,1465,1465,1465,1465,1195,900.0,1467.0,1473.0,1476.0,1467.0,1307.0,897.0,95.0,227.0,11.0,31.0,708.0,379.0,38.0,230.0,27.0,8.0,699.0,260.0,1.0,1.0,1.0,1.0,3.0,2.0,48.0,50.0,50.0,48.0,40.0,46.0
14.307416,76,auto_close_step_15,1450,1450,1450,1450,1180,900.0,1465.0,1467.0,1470.0,1467.0,1307.0,897.0,93.0,273.0,10.0,29.0,677.0,377.0,36.0,276.0,26.0,6.0,668.0,258.0,1.0,1.0,1.0,1.0,3.0,0.0,48.0,50.0,50.0,48.0,40.0,46.0
14.479922,77,auto_close_step_15,1450,1450,1450,1450,1180,900.0,1465.0,1460.0,1460.0,1467.0,1306.0,897.0,94.0,289.0,10.0,33.0,616.0,346.0,37.0,292.0,26.0,10.0,607.0,227.0,1.0,1.0,1.0,1.0,3.0,2.0,48.0,50.0,50.0,48.0,40.0,46.0
14.642143,78,auto_close_step_15,1450,1450,1450,1450,1180,900.0,1460.0,1456.0,1454.0,1461.0,1304.0,897.0,97.0,209.0,11.0,33.0,383.0,248.0,40.0,212.0,27.0,10.0,374.0,129.0,1.0,1.0,1.0,1.0,3.0,2.0,48.0,50.0,50.0,48.0,40.0,46.0
14.835147,79,auto_close_step_15,1435,1435,1435,1435,1165,900.0,1452.0,1449.0,1450.0,1452.0,1303.0,897.0,100.0,70.0,12.0,33.0,72.0,131.0,43.0,73.0,28.0,10.0,63.0,12.0,1.0,1.0,1.0,1.0,1.0,0.0,48.0,50.0,50.0,48.0,40.0,46.0
15.007637,80,auto_close_step_15,1435,1435,1435,1435,1165,900.0,1451.0,1446.0,1450.0,1443.0,1300.0,897.0,100.0,76.0,11.0,33.0,70.0,135.0,43.0,79.0,27.0,10.0,61.0,16.0,1.0,1.0,1.0,1.0,1.0,2.0,48.0,50.0,50.0,48.0,40.0,46.0
15.169878,81,auto_close_step_15,1435,1435,1435,1435,1165,900.0,1446.0,1439.0,1446.0,1439.0,1279.0,897.0,100.0,72.0,13.0,35.0,85.0,133.0,43.0,75.0,29.0,12.0,76.0,14.0,1.0,1.0,1.0,1.0,1.0,2.0,48.0,50.0,50.0,48.0,40.0,46.0
15.362976,82,auto_close_step_15,1420,1420,1420,1420,1150,900.0,1436.0,1439.0,1438.0,1434.0,1264.0,897.0,102.0,72.0,14.0,35.0,92.0,133.0,45.0,75.0,30.0,12.0,83.0,14.0,1.0,1.0,1.0,1.0,1.0,0.0,48.0,50.0,50.0,48.0,40.0,46.0
15.535467,83,auto_close_step_15,1420,1420,1420,1420,1150,900.0,1431.0,1433.0,1430.0,1434.0,1251.0,897.0,102.0,74.0,13.0,35.0,101.0,135.0,45.0,77.0,29.0,12.0,92.0,16.0,1.0,1.0,1.0,1.0,1.0,2.0,48.0,50.0,50.0,48.0,40.0,46.0
15.697655,84,auto_close_step_15,1420,1420,1420,1420,1150,900.0,1423.0,1427.0,1423.0,1431.0,1237.0,897.0,102.0,72.0,16.0,35.0,109.0,135.0,45.0,75.0,32.0,12.0,100.0,16.0,1.0,1.0,1.0,1.0,1.0,2.0,48.0,50.0,50.0,48.0,40.0,46.0
15.890631,85,auto_close_step_15,1405,1405,1405,1405,1135,900.0,1423.0,1420.0,1420.0,1424.0,1220.0,897.0,102.0,74.0,14.0,37.0,121.0,134.0,45.0,77.0,30.0,14.0,112.0,15.0,1.0,1.0,1.0,1.0,1.0,0.0,48.0,50.0,50.0,48.0,40.0,46.0
16.063152,86,auto_close_step_15,1405,1405,1405,1405,1135,900.0,1422.0,1414.0,1420.0,1420.0,1206.0,897.0,102.0,73.0,15.0,38.0,133.0,135.0,45.0,76.0,31.0,15.0,124.0,16.0,1.0,1.0,1.0,1.0,1.0,2.0,48.0,50.0,50.0,48.0,40.0,46.0
16.225426,87,auto_close_step_15,1405,1405,1405,1405,1135,900.0,1416.0,1408.0,1415.0,1413.0,1188.0,897.0,104.0,72.0,17.0,38.0,147.0,137.0,47.0,75.0,33.0,15.0,138.0,18.0,1.0,1.0,1.0,1.0,1.0,2.0,48.0,50.0,50.0,48.0,40.0,46.0
16.418498,88,auto_close_step_15,1390,1390,1390,1390,1130.0,900.0,1409.0,1406.0,1408.0,1407.0,1168.0,897.0,104.0,70.0,19.0,40.0,176.0,139.0,47.0,73.0,35.0,17.0,167.0,20.0,1.0,1.0,1.0,1.0,1.0,0.0,48.0,50.0,50.0,48.0,40.0,46.0
16.590968,89,auto_close_step_15,1390,1390,1390,1390,1130.0,900.0,1403.0,1405.0,1401.0,1401.0,1151.0,897.0,107.0,70.0,19.0,39.0,197.0,141.0,50.0,73.0,35.0,16.0,188.0,22.0,1.0,1.0,1.0,1.0,1.0,2.0,48.0,50.0,50.0,48.0,40.0,46.0
16.753208,90,auto_close_step_15,1390,1390,1390,1390,1130.0,900.0,1398.0,1401.0,1395.0,1395.0,1135.0,897.0,106.0,70.0,19.0,41.0,218.0,142.0,49.0,73.0,35.0,18.0,209.0,23.0,1.0,1.0,1.0,1.0,1.0,2.0,48.0,50.0,50.0,48.0,40.0,46.0
16.946238,91,auto_close_step_15,1375,1375,1375,1375,1130.0,900.0,1395.0,1394.0,1390.0,1391.0,1135.0,897.0,107.0,74.0,19.0,43.0,209.0,141.0,50.0,77.0,35.0,20.0,200.0,22.0,1.0,1.0,1.0,1.0,1.0,0.0,48.0,50.0,50.0,48.0,40.0,46.0
17.118774,92,auto_close_step_15,1375,1375,1375,1375,1130.0,900.0,1389.0,1387.0,1390.0,1386.0,1135.0,897.0,107.0,78.0,19.0,43.0,209.0,141.0,50.0,81.0,35.0,20.0,200.0,22.0,1.0,1.0,1.0,1.0,1.0,2.0,48.0,50.0,50.0,48.0,40.0,46.0
17.281058,93,auto_close_step_15,1375,1375,1375,1375,1130.0,900.0,1383.0,1384.0,1387.0,1380.0,1131.0,897.0,109.0,77.0,20.0,43.0,216.0,141.0,52.0,80.0,36.0,20.0,207.0,22.0,1.0,1.0,1.0,1.0,1.0,2.0,48.0,50.0,50.0,48.0,40.0,46.0
17.474098,94,auto_close_step_15,1360,1360,1360,1360,1130.0,900.0,1379.0,1376.0,1380.0,1380.0,1131.0,897.0,107.0,83.0,21.0,43.0,222.0,141.0,50.0,86.0,37.0,20.0,213.0,22.0,1.0,1.0,1.0,1.0,1.0,0.0,48.0,50.0,50.0,48.0,40.0,46.0
17.646557,95,auto_close_step_15,1360,1360,1360,1360,1130.0,900.0,1376.0,1371.0,1371.0,1375.0,1123.0,897.0,107.0,87.0,23.0,45.0,243.0,143.0,50.0,90.0,39.0,22.0,234.0,24.0,1.0,1.0,1.0,1.0,2.0,2.0,48.0,50.0,50.0,48.0,40.0,46.0
17.808806,96,auto_close_step_15,1360,1360,1360,1360,1130.0,900.0,1370.0,1365.0,1363.0,1367.0,1123.0,897.0,107.0,93.0,25.0,45.0,236.0,143.0,50.0,96.0,41.0,22.0,227.0,24.0,1.0,1.0,1.0,1.0,2.0,2.0,48.0,50.0,50.0,48.0,40.0,46.0
18.001854,97,auto_close_step_15,1345,1345,1345,1345,1130.0,900.0,1362.0,1361.0,1361.0,1364.0,1123.0,897.0,110.0,87.0,25.0,45.0,236.0,143.0,53.0,90.0,41.0,22.0,227.0,24.0,1.0,1.0,1.0,1.0,1.0,0.0,48.0,50.0,50.0,48.0,40.0,46.0
18.174449,98,auto_close_step_15,1345,1345,1345,1345,1130.0,900.0,1356.0,1361.0,1361.0,1363.0,1123.0,897.0,113.0,87.0,25.0,47.0,234.0,143.0,56.0,90.0,41.0,24.0,225.0,24.0,1.0,1.0,1.0,1.0,2.0,2.0,48.0,50.0,50.0,48.0,40.0,46.0
18.336762,99,auto_close_step_15,1345,1345,1345,1345,1130.0,900.0,1348.0,1357.0,1357.0,1357.0,1123.0,897.0,114.0,86.0,25.0,47.0,234.0,143.0,57.0,89.0,41.0,24.0,225.0,24.0,1.0,1.0,1.0,1.0,2.0,2.0,48.0,50.0,50.0,48.0,40.0,46.0
18.529804,100,auto_close_step_15,1330,1330,1330,1330,1130.0,900.0,1346.0,1353.0,1350.0,1349.0,1123.0,897.0,113.0,89.0,28.0,47.0,234.0,143.0,56.0,92.0,44.0,24.0,225.0,24.0,1.0,1.0,1.0,1.0,0.0,0.0,48.0,50.0,50.0,48.0,40.0,46.0
18.702237,101,auto_close_step_15,1330,1330,1330,1330,1130.0,900.0,1346.0,1342.0,1342.0,1343.0,1123.0,897.0,113.0,93.0,29.0,49.0,234.0,143.0,56.0,96.0,45.0,26.0,225.0,24.0,1.0,1.0,1.0,1.0,2.0,2.0,48.0,50.0,50.0,48.0,40.0,46.0
18.864416,102,auto_close_step_15,1330,1330,1330,1330,1130.0,900.0,1343.0,1335.0,1333.0,1335.0,1123.0,897.0,113.0,93.0,31.0,51.0,234.0,143.0,56.0,96.0,47.0,28.0,225.0,24.0,1.0,1.0,1.0,1.0,2.0,2.0,48.0,50.0,50.0,48.0,40.0,46.0
19.067608,103,auto_close_step_15,1315,1315,1315,1315,1130.0,900.0,1338.0,1331.0,1331.0,1332.0,1123.0,897.0,115.0,91.0,31.0,52.0,232.0,143.0,58.0,94.0,47.0,29.0,223.0,24.0,1.0,1.0,1.0,1.0,0.0,0.0,48.0,50.0,50.0,48.0,40.0,46.0
19.229882,104,auto_close_step_15,1315,1315,1315,1315,1130.0,900.0,1327.0,1331.0,1331.0,1331.0,1123.0,897.0,115.0,91.0,31.0,53.0,232.0,143.0,58.0,94.0,47.0,30.0,223.0,24.0,1.0,1.0,1.0,1.0,2.0,2.0,48.0,50.0,50.0,48.0,40.0,46.0
19.392050,105,auto_close_step_15,1315,1315,1315,1315,1130.0,900.0,1322.0,1328.0,1328.0,1328.0,1123.0,897.0,117.0,92.0,31.0,53.0,232.0,143.0,60.0,95.0,47.0,30.0,223.0,24.0,1.0,1.0,1.0,1.0,2.0,2.0,48.0,50.0,50.0,48.0,40.0,46.0
19.585089,106,auto_close_step_15,1300,1300,1300,1300,1130.0,900.0,1322.0,1320.0,1322.0,1319.0,1123.0,897.0,115.0,93.0,35.0,57.0,232.0,142.0,58.0,96.0,51.0,34.0,223.0,23.0,1.0,1.0,1.0,1.0,1.0,0.0,48.0,50.0,50.0,48.0,40.0,46.0
19.757520,107,auto_close_step_15,1300,1300,1300,1300,1130.0,900.0,1314.0,1313.0,1313.0,1313.0,1123.0,897.0,118.0,92.0,36.0,59.0,232.0,142.0,61.0,95.0,52.0,36.0,223.0,23.0,1.0,1.0,1.0,1.0,2.0,2.0,48.0,50.0,50.0,48.0,40.0,46.0
19.919758,108,auto_close_step_15,1300,1300,1300,1300,1130.0,900.0,1311.0,1307.0,1304.0,1305.0,1123.0,897.0,118.0,93.0,40.0,61.0,232.0,143.0,61.0,96.0,56.0,38.0,223.0,24.0,1.0,1.0,1.0,1.0,2.0,2.0,48.0,50.0,50.0,48.0,40.0,46.0
20.112824,109,auto_close_step_15,1285,1285,1285,1285,1130.0,900.0,1302.0,1302.0,1302.0,1306.0,1123.0,897.0,120.0,91.0,40.0,61.0,232.0,142.0,63.0,94.0,56.0,38.0,223.0,23.0,1.0,1.0,1.0,1.0,0.0,0.0,48.0,50.0,50.0,48.0,40.0,46.0
20.285295,110,auto_close_step_15,1285,1285,1285,1285,1130.0,900.0,1298.0,1302.0,1302.0,1300.0,1123.0,897.0,120.0,91.0,40.0,64.0,232.0,141.0,63.0,94.0,56.0,41.0,223.0,22.0,1.0,1.0,1.0,1.0,2.0,2.0,48.0,50.0,50.0,48.0,40.0,46.0
20.447572,111,auto_close_step_15,1285,1285,1285,1285,1130.0,900.0,1290.0,1298.0,1299.0,1296.0,1123.0,897.0,120.0,91.0,42.0,65.0,232.0,142.0,63.0,94.0,58.0,42.0,223.0,23.0,1.0,1.0,1.0,1.0,2.0,2.0,48.0,50.0,50.0,48.0,40.0,46.0
20.640626,112,auto_close_step_15,1270,1270,1270,1270,1130.0,900.0,1287.0,1294.0,1296.0,1289.0,1123.0,897.0,121.0,93.0,43.0,81.0,240.0,143.0,64.0,96.0,59.0,58.0,231.0,24.0,1.0,1.0,1.0,1.0,0.0,0.0,48.0,50.0,50.0,48.0,40.0,46.0
20.813125,113,auto_close_step_15,1270,1270,1270,1270,1130.0,900.0,1287.0,1283.0,1284.0,1284.0,1123.0,897.0,122.0,93.0,44.0,96.0,270.0,145.0,65.0,96.0,60.0,73.0,261.0,26.0,1.0,1.0,1.0,1.0,2.0,2.0,48.0,50.0,50.0,48.0,40.0,46.0
20.975351,114,auto_close_step_15,1270,1270,1270,1270,1130.0,900.0,1285.0,1276.0,1278.0,1276.0,1123.0,897.0,122.0,95.0,48.0,112.0,289.0,145.0,65.0,98.0,64.0,89.0,280.0,26.0,1.0,1.0,1.0,1.0,2.0,2.0,48.0,50.0,50.0,48.0,40.0,46.0
21.168464,115,auto_close_step_15,1255,1255,1255,1255,1130.0,900.0,1283.0,1276.0,1273.0,1272.0,1123.0,897.0,122.0,95.0,48.0,115.0,329.0,144.0,65.0,98.0,64.0,92.0,320.0,25.0,1.0,1.0,1.0,1.0,0.0,0.0,48.0,50.0,50.0,48.0,40.0,46.0
21.341010,116,auto_close_step_15,1255,1255,1255,1255,1130.0,900.0,1269.0,1271.0,1273.0,1272.0,1123.0,897.0,123.0,95.0,48.0,113.0,327.0,144.0,66.0,98.0,64.0,90.0,318.0,25.0,1.0,1.0,1.0,1.0,2.0,2.0,48.0,50.0,50.0,48.0,40.0,46.0
21.503289,117,auto_close_step_15,1255,1255,1255,1255,1130.0,900.0,1264.0,1269.0,1269.0,1271.0,1123.0,897.0,126.0,94.0,51.0,120.0,331.0,144.0,69.0,97.0,67.0,97.0,322.0,25.0,1.0,1.0,1.0,1.0,2.0,2.0,48.0,50.0,50.0,48.0,40.0,46.0
21.696235,118,auto_close_step_15,1240,1240,1240,1240,1130.0,900.0,1258.0,1259.0,1265.0,1269.0,1123.0,897.0,128.0,95.0,51.0,123.0,343.0,143.0,71.0,98.0,67.0,100.0,334.0,24.0,1.0,1.0,1.0,1.0,0.0,0.0,48.0,50.0,50.0,48.0,40.0,46.0
21.868612,119,auto_close_step_15,1240,1240,1240,1240,1130.0,900.0,1258.0,1253.0,1254.0,1260.0,1123.0,897.0,129.0,91.0,55.0,184.0,345.0,141.0,72.0,94.0,71.0,161.0,336.0,22.0,1.0,1.0,1.0,1.0,2.0,2.0,48.0,50.0,50.0,48.0,40.0,46.0
22.030837,120,auto_close_step_15,1240,1240,1240,1240,1130.0,900.0,1254.0,1243.0,1249.0,1254.0,1123.0,897.0,129.0,92.0,59.0,193.0,327.0,139.0,72.0,95.0,75.0,170.0,318.0,20.0,1.0,1.0,1.0,1.0,2.0,2.0,48.0,50.0,50.0,48.0,40.0,46.0
22.223874,121,auto_close_step_15,1225,1225,1225,1225,1130.0,900.0,1251.0,1242.0,1243.0,1251.0,1123.0,897.0,131.0,91.0,59.0,219.0,331.0,139.0,74.0,94.0,75.0,196.0,322.0,20.0,1.0,1.0,1.0,1.0,0.0,0.0,48.0,50.0,50.0,48.0,40.0,46.0
