unix_time,camera_x_m,camera_y_m,camera_z_m,base_x_m,base_y_m,base_z_m,base_rx_deg,base_ry_deg,base_rz_deg,pixel_x,pixel_y,depth_m,radius_px
1785070284.722660,-0.002867,-0.011871,0.215300,0.076470,-0.006936,0.279510,177.760000,68.670000,172.575000,322,224,0.215300,69.03
1785070394.917192,-0.014668,0.058415,0.160800,0.056670,0.018036,0.255444,176.414000,77.946000,-166.330000,291,388,0.160800,93.17
1785070474.004221,0.008903,0.032631,0.070100,0.189690,0.073973,0.223479,159.657000,59.749000,177.535000,376,428,0.070100,91.94
1785070497.779687,-0.036174,-0.067496,0.121750,0.218120,-0.025225,0.234124,-174.211000,62.755000,-179.944000,211,30,0.121750,102.28
1785070501.496940,-0.035626,-0.066840,0.121150,0.217371,-0.025225,0.232698,-174.392000,61.802000,179.850000,212,30,0.121150,102.05
1785070532.180584,-0.113381,0.035884,0.217600,0.265981,0.024397,0.389796,178.051000,52.390000,-176.479000,124,310,0.217600,61.50
1785070610.888707,-0.022805,-0.018126,0.058100,0.294902,0.075370,0.152970,-176.434000,28.005000,-160.472000,174,124,0.058100,176.78
1785070680.118264,-0.036066,0.016604,0.073750,0.218066,-0.014754,0.219075,129.089000,33.339000,110.237000,136,334,0.073750,183.62
1785070705.656587,-0.036557,-0.031141,0.072550,0.151597,0.087321,0.187511,-107.117000,35.756000,-69.889000,130,79,0.072550,153.12
